old_name	new_name	occurrences	first_seen	note
_cas	_scenarios	1	tests/components/clip/textes.test.ts:52	
_codage	_encoding	1	src/server/steps/ingest.ts:221	
_données	_data	1	src/lib/queries.ts:379	
_erreur	_error	4	src/lib/queries.ts:304	
_nom	_name	11	tests/core/ffmpeg-args.test.ts:392	
_plan	_shot	2	src/lib/queries.ts:500	
_requête	_request	4	src/app/api/clips/[id]/route.ts:71	
_resultat	_result	2	src/lib/queries.ts:427	
à	to	1	tests/core/framing.test.ts:210	
àAdopter	toAdopt	3	src/lib/enregistrement.ts:124	
abaisser	lower	1	src/components/sources/ligne-montage.tsx:176	
abandon	abandonment	1	tests/server/candidates.test.ts:393	
abandonner	abandon	1	src/server/steps/candidates.ts:1411	
abréger	shorten	1	src/core/erreurs.ts:25	
absent	missing	1	tests/server/secrets.test.ts:155	
accélération	acceleration	1	src/core/ffmpeg/args.ts:289	
accord	agreement	1	src/components/tri/modele.ts:185	
accrocherArrêt	hookShutdown	2	src/instrumentation.ts:35	
àCôté	toSide	1	tests/server/render.test.ts:410	
acquis	acquired	1	src/components/tri/avancement.tsx:336	
actif	active	3	src/components/tri/avancement.tsx:332	
actionPourTouche	actionForKey	1	src/components/tri/raccourcis.ts:106	
actionsMuettes	actionsMute	1	tests/components/tri/raccourcis.test.tsx:104	
ActionsRaccourcis	ActionsShortcuts	1	src/components/clip/raccourcis.tsx:87	
ActionsTri	ActionsReview	1	src/components/tri/raccourcis.ts:85	
ACTIVABLES	ACTIVATABLE	1	src/components/clip/raccourcis.tsx:29	
actuel	current	1	src/lib/enregistrement.ts:282	
admises	admitted	1	src/server/db.ts:755	
àDroite	toRight	1	tests/core/framing.test.ts:611	
àÉcrire	toWrite	1	src/components/clip/champs-textes.tsx:184	
àFocaliser	toFocus	1	src/components/clip/transcript-surface.tsx:215	
àGauche	toLeft	2	src/server/steps/candidates.ts:1722	
agir	actWrapped	1	tests/lib/enregistrement-auto.test.tsx:111	
aide	help	6	src/components/clip/ecran-clip.tsx:100	
AideClavier	HelpKeyboard	1	src/components/tri/fil.tsx:640	
àJour	toDay	9	src/app/api/clips/[id]/route.ts:261	
àJourOuInchangés	toDayOrUnchanged	1	src/server/db.ts:964	
ajouter	add	2	src/server/ffmpeg.ts:101	
àLenvers	toReversed	1	tests/core/framing.test.ts:550	
alerte	alert	2	tests/components/clip/panneau-export.test.tsx:286	
allerÀ	goTo	1	src/components/tri/ecran-projet.tsx:305	
allerÀLaVue	goToView	1	src/components/tri/ecran-projet.tsx:45	
allerAuMot	goWord	1	src/components/clip/transcript-surface.tsx:224	
allerAuRésultat	goResult	1	src/components/clip/transcript-surface.tsx:259	
analyse	analysis	19	scripts/mesure-premier-plan.ts:179	
Analyse	Analysis	2	src/core/parcours.ts:38	
analysé	analysis	1	src/server/steps/analysis.ts:230	
ANALYSE_VALIDE	ANALYSIS_VALID	1	tests/server/analysis.test.ts:28	
analyseProjet	analysisProject	1	src/core/parcours.ts:111	
analyser	analyze	2	src/server/steps/candidates.ts:528	
analyserMarqueTemps	analyzeMarkerTime	1	src/server/ffmpeg.ts:67	
analyserSegments	analyzeSegments	1	src/server/db.ts:762	
analyserSondage	analyzeProbe	1	src/server/ffprobe.ts:66	
ancienne	old	1	tests/server/db.test.ts:675	
ancienStage	oldStage	1	tests/server/ingest.test.ts:223	
ancre	anchor	1	src/store/editor.ts:44	
année	year	1	src/core/pipeline.ts:39	
AnnonceDÉtape	AnnouncementDStep	1	src/components/tri/avancement.tsx:194	
annoncer	announce	1	tests/components/sources/library.test.tsx:201	
annuler	cancel	4	src/components/clip/raccourcis.tsx:90	
anormale	abnormal	1	tests/server/candidates.test.ts:83	
aperçu	preview	1	src/server/vues.ts:170	
ApercuSortie	PreviewOutput	1	src/components/clip/apercu-sortie.tsx:75	
appartient	belongs	1	src/components/tri/modele.ts:61	
appel	call	29	src/server/steps/candidates.ts:523	
Appel	Call	1	tests/lib/enregistrement-auto.test.tsx:66	
appelerGemini	callGemini	1	src/server/steps/candidates.ts:522	
AppelGemini	CallGemini	1	src/server/steps/candidates.ts:318	
appels	calls	34	src/server/steps/candidates.ts:803	
appliqué	applied	1	src/app/api/clips/[id]/route.ts:151	
appliquerDérogations	applyExceptions	1	src/core/framing.ts:1226	
apres	after	3	tests/lib/editing.test.ts:117	
après	after	5	tests/components/sources/library.test.tsx:201	
apresDeux	afterTwo	1	tests/lib/editing.test.ts:206	
apresUn	afterA	1	tests/lib/editing.test.ts:205	
ardoise	slate	7	src/server/steps/candidates.ts:1171	
Ardoise	Slate	1	src/server/steps/candidates.ts:1109	
ArdoiseDétail	SlateDetail	1	src/server/steps/candidates.ts:1640	
aRefaire	aRedo	1	tests/store/editor.test.ts:271	
àRefaire	toRedo	1	src/core/graph.ts:100	
àReprendre	toResume	2	src/components/tri/avancement.tsx:73	
arobase	atSign	1	src/server/steps/transcript.ts:214	
arret	shutdown	2	src/components/tri/avancement.tsx:39	
arrêté	stopped	1	tests/components/clip/transcript-surface.test.tsx:250	
arrêts	stops	2	tests/components/clip/transcript-surface.test.tsx:83	
arrondi	rounded	3	src/components/sources/textes.ts:46	
artefact	artifact	3	tests/server/analysis.test.ts:457	
Artefact	Artifact	1	src/server/ffmpeg.ts:471	
assProvisoire	assProvisional	1	src/server/steps/render.ts:1446	
aTrier	aSort	3	src/components/tri/relance.tsx:179	
attendre	wait	2	src/server/run.ts:175	
attendreEtape	waitStep	1	tests/server/run.test.ts:917	
attendreLaFin	waitFin	1	tests/server/run.test.ts:903	
attendreOuRenoncer	waitOrAbandon	1	src/server/steps/ingest.ts:178	
attendu	expected	6	src/server/run.ts:128	
attendue	expected	3	scripts/dev-render.ts:43	
attendues	expected	1	tests/core/parcours.test.ts:183	
attendus	expected	13	src/components/clip/panneau-export.tsx:118	
attente	wait	1	src/server/steps/candidates.ts:623	
ATTENTE_QUOTA_MAX_MS	WAIT_QUOTA_MAX_MS	1	src/server/steps/candidates.ts:462	
attentes	waits	1	tests/server/candidates.test.ts:162	
auCurseur	cursor	2	src/components/clip/transcript-surface.tsx:439	
aujourdhui	today	1	src/server/steps/render.ts:651	
auRepos	rest	1	tests/lib/enregistrement-auto.test.tsx:167	
automatique	automatic	1	src/components/clip/crop-picker.tsx:134	
autre	other	5	src/components/clip/ecran-clip.tsx:97	
AUTRE	OTHER	1	tests/server/empreinte.test.ts:566	
avancement	progress	6	src/server/ffmpeg.ts:316	
Avancement	Progress	1	src/server/ffmpeg.ts:83	
AvancementCopie	ProgressCopy	1	src/server/steps/ingest.ts:655	
avancementDuMontage	editingProgress	1	src/components/tri/fin-de-boucle.tsx:102	
AvancementRendu	ProgressRender	1	src/server/steps/render.ts:60	
avancementWorker	progressWorker	1	src/core/pipeline.ts:72	
avancer	advance	2	src/server/run.ts:855	
avant	before	19	scripts/dev-commun.ts:35	
avantLeDébut	beforeStart	2	tests/server/analysis.test.ts:81	
avec	included	3	tests/core/framing.test.ts:866	
avecEspace	withEspace	1	tests/server/sources.test.ts:58	
avecEspaces	withSpaces	1	tests/server/vignettes-sources.test.ts:663	
avecFiltre	withFilter	2	scripts/mesure-premier-plan.ts:236	
avecTrou	withGap	1	tests/core/transcript.test.ts:503	
avertissements	warnings	1	tests/server/render.test.ts:693	
balayage	sweep	1	scripts/mesure-ratios.ts:625	
BandeAvancement	StripProgress	1	src/components/tri/avancement.tsx:232	
barre	bar	4	scripts/dev-render.ts:54	
barreAudio	barAudio	1	scripts/dev-ingest.ts:72	
barreCopie	barCopy	1	scripts/dev-ingest.ts:32	
BarreDeRecherche	SearchBar	1	src/components/clip/transcript-surface.tsx:388	
barreProxy	barProxy	1	scripts/dev-ingest.ts:49	
barres	bars	1	scripts/dev-render.ts:48	
bas	bottom	11	scripts/vignettes-cadrage.ts:206	
basculerLecture	togglePlayback	1	src/components/clip/clip-player.tsx:38	
basculerStatut	toggleStatus	1	src/lib/clip-status.ts:42	
battement	beat	2	scripts/dev-run.ts:61	
besoinDeLaCopie	copyNeed	1	src/server/run.ts:839	
bilan	summary	29	src/components/tri/fil.tsx:68	
bilanDeRepérage	detectionSummary	1	src/server/run.ts:460	
BilanNotation	SummaryNotation	1	src/server/steps/candidates.ts:767	
bilans	summaries	1	src/server/steps/candidates.ts:909	
bloc	block	1	tests/components/show/show-view.test.tsx:150	
blocs	blocks	11	src/server/steps/candidates.ts:1027	
BLOCS_LARGES	BLOCKS_WIDE	1	tests/core/gemini.test.ts:87	
bloquante	blocking	1	tests/server/run.test.ts:723	
bloque	blocked	1	src/lib/enregistrement.ts:228	
bloqué	blocked	4	src/components/tri/relance.tsx:51	
bloquee	blocked	1	tests/server/api.test.ts:1356	
bloquée	blocked	1	tests/server/run.test.ts:524	
boîte	box	5	tests/components/clip/dialogue-raccourcis.test.tsx:22	
boîtes	boxes	19	scripts/mesure-ratios.ts:1024	
bonjour	hello	3	tests/components/show/transcript-panel.test.tsx:178	
bord	edge	8	src/components/clip/ecran-clip.tsx:237	
Bord	Edge	1	src/server/steps/render.ts:884	
bordBas	edgeBottom	1	scripts/mesure-premier-plan.ts:96	
bordPartout	edgeEverywhere	1	tests/core/framing.test.ts:831	
borne	bound	2	src/core/shots.ts:181	
borné	bound	2	src/components/clip/transcript-surface.tsx:226	
borner	bound	3	scripts/vignettes-cadrage.ts:232	
bornes	bounds	5	src/components/clip/ecran-clip.tsx:138	
bougé	moved	1	tests/server/render.test.ts:1008	
bouton	button	10	tests/components/clip/ecran-clip.test.tsx:164	
BoutonCopier	ButtonCopy	1	src/components/clip/panneau-export.tsx:578	
boutonExporter	buttonExporter	1	tests/components/clip/panneau-export.test.tsx:78	
BoutonRelance	ButtonRetry	1	src/components/tri/relance.tsx:173	
BoutonReprise	ButtonResume	1	src/components/tri/relance.tsx:49	
brut	raw	39	scripts/mesure-ratios.ts:1112	
brute	raw	1	src/server/ffmpeg.ts:128	
brutes	raw	1	tests/server/candidates.test.ts:1505	
brutInstants	rawMoments	1	scripts/mesure-ratios.ts:1154	
brutMarge	rawMargin	1	scripts/vignettes-cadrage.ts:283	
brutRatio	rawRatio	1	scripts/vignettes-cadrage.ts:319	
cadence	rate	1	src/server/ffprobe.ts:50	
cadrage	framing	30	scripts/mesure-ratios.ts:309	
cadrageDe	framingFor	1	tests/server/render.test.ts:145	
cadrageDuRelu	rereadFraming	1	src/server/steps/render.ts:1786	
cadre	frame	3	src/components/clip/apercu-sortie.tsx:64	
Cadre	Frame	1	scripts/vignettes-cadrage.ts:98	
cadré	frame	1	tests/core/framing.test.ts:929	
CADRE_1X1	FRAME_1_X_1	1	tests/core/ffmpeg-args.test.ts:203	
CADRE_9X16	FRAME_9_X_16	1	tests/core/ffmpeg-args.test.ts:202	
cadrées	framed	2	src/core/framing.ts:858	
calculé	computed	1	src/core/framing.ts:1201	
candidat	candidate	5	src/server/steps/candidates.ts:419	
candidats	candidates	8	src/components/clip/ecran-clip.tsx:78	
canevas	canvas	1	tests/core/framing.test.ts:1012	
capricieux	flaky	2	tests/server/candidates.test.ts:1093	
carré	square	2	tests/server/render.test.ts:833	
carte	card	7	src/components/tri/fil.tsx:172	
carte1	card1	1	tests/components/tri/fil.test.tsx:566	
cartes	cards	1	src/components/tri/fil.tsx:168	
cartons	cards	2	src/server/steps/render.ts:1903	
cas	scenarios	5	tests/server/render.test.ts:427	
cases	cells	2	scripts/mesure-premier-plan.ts:137	
casse	broken	2	tests/server/candidates.test.ts:1128	
cassé	broken	2	tests/core/transcript.test.ts:387	
causeDe	cause	1	src/server/sources.ts:191	
CauseIndisponible	CauseUnavailable	1	src/lib/api.ts:350	
caviarder	redact	1	src/server/steps/candidates.ts:504	
caviarderClés	redactKeys	1	src/core/erreurs.ts:170	
caviarderRéférencesConnues	redactReferencesKnown	1	src/server/erreurs.ts:116	
centième	hundredth	1	tests/server/analysis.test.ts:185	
centiemes	hundredths	1	src/core/captions/ass.ts:145	
centis	hundredths	1	src/core/captions/ass.ts:157	
centre	center	6	scripts/mesure-ratios.ts:1043	
centre	center	1	src/core/framing.ts:926	clé de propriété d'un objet littéral — jamais suivie par collect.mts (traduction ordinaire, seulement jamais cataloguée)
ceQuiDevientPossible	thisWhichBecomesPossible	1	src/components/tri/avancement.tsx:301	
CeQuOnIncrusterait	ObservedBurnIn	1	src/server/steps/render.ts:674	
champ	field	19	src/components/clip/champs-textes.tsx:50	
ChampCopiable	FieldCopyable	1	src/components/clip/panneau-export.tsx:535	
champs	fields	18	src/components/clip/ecran-clip.tsx:222	
CHAMPS	FIELDS	1	src/components/clip/raccourcis.tsx:26	
ChampsSuivis	FieldsTracked	1	src/lib/enregistrement.ts:33	
ChampsTextes	FieldsTexts	1	src/components/clip/champs-textes.tsx:27	
changementDÉtape	changeDStep	1	src/server/run.ts:585	
chaque2s	each2S	1	tests/core/transcript.test.ts:494	
charge	load	1	tests/server/analysis.test.ts:391	
chargeFichier	loadFile	1	tests/server/analysis.test.ts:402	
Chargement	Loading	1	src/app/projects/[id]/page.tsx:27	
charges	loaded	4	tests/server/candidates.test.ts:1314	
chemin	filePath	18	src/server/rendus.ts:50	
chemin	fingerprintPath	1	tests/server/render.test.ts:655	
chemin	path	37	src/app/api/projects/[id]/proxy/route.ts:50	
chemin	resultPath	1	tests/server/vignettes-sources.test.ts:456	
chemin	thumbPath	1	tests/server/vignettes-sources.test.ts:226	
chemins	paths	41	src/app/api/clips/[id]/route.ts:199	
cheminsCudnn	pathsCudnn	1	src/server/steps/transcript.ts:66	
cheminsRendu	pathsRender	1	src/server/steps/render.ts:170	
CheminsRendu	PathsRender	1	src/server/steps/render.ts:106	
cheminStatut	pathStatus	1	src/server/run.ts:475	
cheminTemporaire	pathTemporary	1	src/server/ffmpeg.ts:558	
cheminTranscript	pathTranscript	1	src/server/run.ts:266	
cheminVariante	pathVariant	1	src/server/steps/render.ts:160	
chercher	find	3	src/components/clip/raccourcis.tsx:95	
chercherSidecar	findSidecar	1	src/server/run.ts:290	
chevauchement	overlap	1	tests/server/analysis.test.ts:121	
chiffres	digits	1	src/core/captions/ass.ts:102	
choisi	chosen	1	src/components/clip/crop-picker.tsx:316	
choisie	chosen	2	src/components/tri/ecran-projet.tsx:305	
choisirEncodeur	chooseEncoder	1	src/server/ffmpeg.ts:181	
choisirRatio	chooseRatio	2	src/store/editor.ts:93	
choisirRatio	chooseRatioFromSpans	1	src/core/framing.ts:854	
chrono	timer	1	scripts/dev-commun.ts:100	
cible	target	19	src/components/clip/apercu-sortie.tsx:125	
CIBLE	TARGET	1	src/app/api/projects/[id]/run/route.ts:19	
CibleLançable	TargetLaunchable	1	src/server/run.ts:637	
cibles	targets	5	scripts/dev-run.ts:33	
CIBLES_DE_REPRISE	RESUME_TARGETS	1	src/lib/api.ts:761	
CIBLES_INITIALES	TARGETS_INITIAL	1	src/server/run.ts:1129	
CIBLES_LANÇABLES	TARGETS_LAUNCHABLE	1	src/server/run.ts:636	
cité	cited	1	tests/core/erreurs.test.ts:282	
classées	sorted	3	scripts/mesure-ratios.ts:1023	
cle	key	2	src/components/clip/transcript-surface.tsx:50	
clé	key	27	scripts/mesure-ratios.ts:1016	
CLÉ_DANS_URL	KEY_IN_URL	1	src/core/erreurs.ts:167	
cles	keys	1	src/lib/queries.ts:43	
cléSidecar	keySidecar	1	src/server/run.ts:286	
cleSources	keySources	1	src/components/sources/use-sources.ts:23	
clientParDéfaut	clientByDefault	1	src/server/steps/candidates.ts:653	
clipDeBase	baseClip	1	tests/server/api.test.ts:157	
clipDepuisLigne	clipSinceLine	1	src/server/db.ts:774	
clipsChevauchés	clipsOverlapping	1	src/lib/queries.ts:175	
clipSuivant	clipNext	1	src/lib/parcours.ts:212	
collé	stuck	1	tests/core/framing.test.ts:573	
collecterMarques	collectMarkers	1	src/server/steps/render.ts:999	
collées	attached	1	scripts/mesure-premier-plan.ts:97	
collés	attached	1	tests/server/analysis.test.ts:198	
CollisionDeProjetError	ProjectErrorCollision	1	src/server/run.ts:125	
colonne	column	1	src/server/db.ts:145	
colonnes	columns	4	src/server/db.ts:144	
colonneSeq	columnSeq	1	tests/server/db.test.ts:674	
combinaisons	combinations	1	tests/lib/parcours.test.ts:66	
comédienDebout	performerStanding	1	tests/core/framing.test.ts:782	
comédienLointain	performerDistant	1	tests/core/framing.test.ts:784	
comédiens	performers	1	tests/core/framing.test.ts:857	
commande	command	3	src/components/clip/raccourcis.tsx:114	
commandeLisible	commandReadable	1	src/server/steps/analysis.ts:550	
commun	common	4	src/server/run.ts:1028	
comparaison	comparison	1	scripts/mesure-ratios.ts:579	
complet	complete	4	src/server/run.ts:497	
complètes	complete	1	src/server/ffmpeg.ts:410	
compte	count	13	scripts/mesure-premier-plan.ts:143	
compte	counts	1	src/components/tri/fil.tsx:95	
compte	result	1	tests/core/parcours.test.ts:230	
compter	count	2	src/core/parcours.ts:226	
comptes	counts	1	scripts/mesure-ratios.ts:583	
compteur	counter	1	src/server/steps/ingest.ts:220	
condensatDesPolices	fontsDigest	1	src/server/steps/render.ts:502	
condensatDuLook	lookDigest	1	src/server/steps/render.ts:468	
confié	delegated	1	src/server/octets.ts:238	
conflit	conflict	1	src/components/tri/relance.tsx:269	
construireLeRendu	buildRender	1	src/core/ffmpeg/args.ts:487	
conteneur	container	1	src/components/clip/transcript-surface.tsx:79	
contenu	content	13	scripts/dev-transcribe.ts:127	
CONTENU	CONTENT	1	tests/server/proxy.test.ts:54	
contenuDuFichier	fileContent	1	src/server/steps/render.ts:456	
contexte	context	16	src/app/api/clips/[id]/export/route.ts:36	
CONTEXTE_S	CONTEXT_S	1	src/server/vues.ts:266	
ContexteDétail	ContextDetail	1	src/server/steps/candidates.ts:1440	
ContexteNotation	ContextNotation	1	src/server/steps/candidates.ts:1138	
contexteRendu	contextRender	1	tests/server/api.test.ts:61	
contient	contains	1	src/server/sources.ts:269	
contigus	contiguous	1	tests/core/transcript.test.ts:479	
contour	outline	1	src/core/captions/ass.ts:243	
copie	copy	10	src/server/db.ts:987	
copié	copy	2	src/components/clip/panneau-export.tsx:587	
copieExisting	copyExisting	1	tests/core/candidates.test.ts:51	
copieIncoming	copyIncoming	1	tests/core/candidates.test.ts:52	
copieLà	copy	1	src/server/run.ts:840	
copier	copy	1	src/server/steps/ingest.ts:209	
copier	copyToClipboard	1	src/components/clip/panneau-export.tsx:593	
copiesEnCours	copiesInCurrent	1	tests/server/ingest.test.ts:463	
copieStat	copyStat	1	src/server/steps/ingest.ts:720	
corps	body	17	src/lib/api.ts:660	
corpsDe	body	1	tests/server/api.test.ts:965	
corpsDeRéférence	referenceBody	1	src/server/secrets.ts:121	
corpsEnvoyé	bodySent	2	tests/components/tri/relance.test.tsx:31	
CorrectionRefusal	CorrectionRejection	1	src/lib/editing.ts:311	
couleur	color	5	scripts/vignettes-cadrage.ts:90	
couleurDeStyle	styleColor	1	src/core/captions/ass.ts:117	
couleurEnLigne	colorInLine	1	src/core/captions/ass.ts:130	
COULEURS	COLORS	1	scripts/vignettes-premier-plan.ts:93	
coupé	cut	1	tests/lib/enregistrement.test.ts:40	
coupes	cuts	2	src/components/clip/clip-player.tsx:123	
courant	current	10	src/components/tri/fil.tsx:159	
courante	current	2	scripts/dev-run.ts:63	
courantId	currentId	1	src/lib/parcours.ts:214	
couvert	covered	3	src/server/steps/candidates.ts:862	
couverte	covered	1	src/core/framing.ts:1169	
couverture	coverage	2	scripts/mesure-ratios.ts:773	
couvertures	coverage	1	scripts/mesure-premier-plan.ts:183	
CRÉATION	CREATION	1	src/app/api/projects/route.ts:16	
créerBarre	createBar	1	scripts/dev-commun.ts:79	
créerJournal	createLog	1	src/server/ffmpeg.ts:124	
créerProjet	createProject	1	src/server/run.ts:1140	
créneaux	slots	1	src/core/transcript.ts:365	
cropDuPlan	shotCrop	1	src/core/framing.ts:903	
curseur	cursor	2	src/components/clip/transcript-surface.tsx:108	
curseurRendu	cursorRender	1	src/components/clip/transcript-surface.tsx:209	
dans01	in01	1	scripts/mesure-ratios.ts:1038	
dansIntervalle	inInterval	1	src/core/framing.ts:686	
de	from	1	tests/core/framing.test.ts:209	
debloquePar	unblockedBy	1	src/lib/parcours.ts:112	
débloquer	unblock	1	tests/server/run.test.ts:523	
débordant	overflowing	1	tests/core/framing.test.ts:1086	
débordantes	overflowing	1	scripts/vignettes-cadrage.ts:422	
débordement	overflow	1	scripts/vignettes-cadrage.ts:242	
debut	start	3	src/components/tri/candidate-card.tsx:76	
début	snappedStart	1	src/core/gemini/parse.ts:318	
début	start	6	scripts/mesure-ratios.ts:403	
débutBrut	startRaw	1	src/core/range.ts:72	
décidé	decided	1	tests/server/render.test.ts:1415	
décidées	decided	1	src/core/shots.ts:178	
decider	decide	1	src/components/tri/fil.tsx:203	
décimales	decimals	1	scripts/mesure-ratios.ts:222	
décision	decision	1	src/server/steps/ingest.ts:727	
décisionCopie	decisionCopy	1	src/server/steps/ingest.ts:80	
DécisionCopie	DecisionCopy	1	src/server/steps/ingest.ts:65	
découpe	cut	6	scripts/mesure-ratios.ts:227	
Découpe	Cut	1	scripts/mesure-ratios.ts:195	
découpes	cuts	6	scripts/mesure-premier-plan.ts:202	
découvert	discovered	1	src/core/framing.ts:1178	
décrites	described	1	tests/core/parcours.test.ts:182	
décritLeClip	describedClip	2	src/server/steps/render.ts:778	
dedans	inside	7	scripts/mesure-ratios.ts:361	
defaire	undo	2	src/components/tri/fil.tsx:211	
défaut	defaultValue	7	scripts/mesure-ratios.ts:641	
defilement	scroll	3	src/components/tri/fil.tsx:588	
defiler	scroll	2	tests/components/tri/fil.test.tsx:451	
défilerRef	scrollRef	1	src/components/clip/transcript-surface.tsx:191	
défilerVers	scrollToward	1	src/components/clip/transcript-surface.tsx:123	
definirLecture	definePlayback	2	src/components/clip/lecture.ts:73	
definirMots	defineWords	2	src/components/clip/lecture.ts:71	
definirPosition	definePosition	2	src/components/clip/lecture.ts:72	
dehors	outside	1	tests/server/vignettes-sources.test.ts:357	
déjà	already	4	scripts/mesure-ratios.ts:1017	
DÉJÀ_PRIS	ALREADY_TAKEN	1	src/components/tri/raccourcis.ts:29	
déjàLivré	alreadyDelivered	1	src/components/clip/panneau-export.tsx:107	
DÉLAI_APPEL_MS	DELAY_CALL_MS	1	src/server/steps/candidates.ts:147	
DÉLAI_MS	DELAY_MS	1	src/server/secrets.ts:87	
DÉLAI_STAT_MS	DELAY_STAT_MS	1	src/server/steps/ingest.ts:132	
délaiDeQuota	quotaDelay	1	src/server/steps/candidates.ts:479	
délimiteur	delimiter	1	src/core/erreurs.ts:214	
demande	request	2	src/components/clip/apercu-sortie.tsx:169	
DEMANDE	REQUEST	2	src/app/api/clips/[id]/export/route.ts:29	
demandé	request	2	scripts/vignettes-premier-plan.ts:230	
demander	request	3	tests/components/clip/apercu-sortie.test.tsx:149	
demandes	requests	1	tests/server/vignettes-sources.test.ts:410	
dénominateur	denominator	1	src/server/ffprobe.ts:54	
depart	start	4	tests/components/tri/fil.test.tsx:67	
départ	start	2	scripts/dev-commun.ts:101	
départTardif	startLate	1	tests/server/analysis.test.ts:163	
déplacé	moved	1	tests/core/framing.test.ts:666	
deplacer	move	2	src/components/clip/transcript-surface.tsx:122	
deplacerCrop	moveCrop	2	src/store/editor.ts:102	
déplacés	moved	2	scripts/mesure-premier-plan.ts:237	
depuis	since	1	src/components/tri/fil.tsx:191	
depuisArtefact	sinceArtifact	1	src/server/vues.ts:209	
depuisSchéma	sinceSchema	1	src/server/steps/candidates.ts:713	
dérive	drift	1	tests/core/framing.test.ts:482	
dernier	last	4	scripts/dev-commun.ts:81	
dernierBilan	lastSummary	1	src/server/steps/candidates.ts:925	
dernière	last	3	src/components/clip/champs-textes.tsx:152	
derniereÉcriture	lastWrite	1	src/lib/queries.ts:174	
dernièreÉcriture	lastWrite	1	src/server/run.ts:77	
dernières	last	1	src/components/tri/raccourcis.ts:137	
derniereTentative	lastAttempt	1	src/lib/enregistrement.ts:272	
dernierJeton	lastToken	1	src/lib/queries.ts:159	
dernierRefus	lastRejection	1	src/components/clip/ecran-clip.tsx:192	
dérogation	exception	1	src/core/framing.ts:1276	
descendre	descend	1	src/server/steps/candidates.ts:1661	
déséchapper	unescape	1	src/server/sources.ts:262	
desordre	outOfOrder	2	tests/core/captions.test.ts:73	
désordre	outOfOrder	1	tests/server/analysis.test.ts:130	
détachées	detached	1	scripts/mesure-premier-plan.ts:98	
détail	detail	12	scripts/mesure-premier-plan.ts:229	
détailHorsMédia	detailHorsMedia	1	tests/core/gemini.test.ts:18	
détaille	detailed	1	tests/core/gemini.test.ts:105	
détailler	detail	1	src/server/steps/candidates.ts:1507	
détailleur	detailer	1	tests/server/candidates.test.ts:1312	
détails	details	1	tests/server/candidates.test.ts:1367	
deux	two	5	tests/components/clip/apercu-sortie.test.tsx:183	
DEUX	TWO	1	tests/components/clip/framing.test.ts:30	
deuxChiffres	twoDigits	1	src/core/captions/ass.ts:107	
DialogueRaccourcis	DialogueShortcuts	1	src/components/clip/raccourcis.tsx:187	
dièses	hashes	3	src/components/clip/panneau-export.tsx:512	
differee	deferred	1	tests/components/sources/library-screen.test.tsx:215	
dimensionnées	sized	1	src/server/steps/render.ts:943	
disponible	available	1	src/lib/api.ts:365	
disponibles	available	1	src/server/steps/render.ts:648	
disposition	layout	1	src/components/tri/ecran-projet.tsx:99	
Disposition	Layout	1	src/components/tri/modele.ts:213	
dispositionAvancement	layoutProgress	1	src/components/tri/modele.ts:215	
dit	said	1	src/server/secrets.ts:216	
doitIngérer	doitIngest	2	src/server/run.ts:725	
donné	given	3	src/server/steps/render.ts:975	
donnees	data	1	tests/components/clip/ecran-clip.test.tsx:96	
données	data	4	src/app/api/clips/[id]/thumb/route.ts:31	
dossier	folder	28	scripts/vignettes-cadrage.ts:353	
dossierDesMarques	markersFolder	1	src/server/steps/render.ts:975	
dossierDesPolices	fontsFolder	1	src/server/steps/render.ts:980	
dossierDesPolicesUtilisable	fontsUsableFolder	1	src/server/steps/render.ts:1865	
dossiersLib	foldersLib	2	src/server/steps/transcript.ts:66	
dossierVideToléré	folderEmptyTolerated	1	src/server/steps/render.ts:649	
dossierVignettesSources	folderVignettesSources	1	src/server/vignettes-sources.ts:59	
douze	twelve	1	tests/core/gemini.test.ts:264	
drapeau	flag	2	scripts/vignettes-cadrage.ts:259	
drapeauxAvecValeur	flagsWithValue	1	scripts/vignettes-cadrage.ts:265	
droite	right	3	src/server/steps/candidates.ts:1733	
DU_PLUS_ÉTROIT_AU_PLUS_LARGE	MORE_NARROW_MORE_WIDE	3	scripts/mesure-premier-plan.ts:69	
duree	duration	6	src/components/clip/ecran-clip.tsx:139	
durée	duration	14	scripts/dev-commun.ts:59	
dureeGardee	durationKept	3	src/components/tri/fin-de-boucle.tsx:34	
duServeur	serverMessage	1	tests/components/sources/library-screen.test.tsx:233	
é	step	1	tests/core/parcours.test.ts:327	
écart	gap	3	scripts/dev-render.ts:86	
écartDeLEmpreinte	lFingerprintGap	1	src/server/steps/render.ts:695	
ecarte	discarded	1	src/components/tri/candidate-card.tsx:82	
écarté	discarded	1	tests/server/candidates.test.ts:618	
ÉcartEmpreinte	GapFingerprint	1	src/server/steps/render.ts:662	
ecarter	discard	1	src/components/tri/raccourcis.ts:91	
écarterRenduPérimé	discardRenderStale	1	src/server/steps/render.ts:1767	
ecartes	discarded	3	src/components/tri/relance.tsx:179	
écartés	discarded	2	src/server/db.ts:954	
échantillon	sample	1	tests/core/framing.test.ts:208	
echapper	escape	3	src/components/clip/raccourcis.tsx:93	
échapper	escape	1	src/core/ffmpeg/args.ts:116	
echec	failure	3	src/components/clip/champs-textes.tsx:111	
Echec	Failure	1	src/components/clip/champs-textes.tsx:106	
échec	failure	4	src/lib/api.ts:657	
ÉchecDeRelance	RetryFailure	1	src/components/tri/relance.tsx:267	
échecs	failures	2	scripts/vignettes-premier-plan.ts:321	
échelle	scale	1	src/components/clip/apercu-sortie.tsx:71	
échouer	fail	1	tests/server/run.test.ts:51	
ÉCLATÉ	BURST	1	tests/server/candidates.test.ts:1273	
écoulées	elapsed	1	src/components/tri/avancement.tsx:346	
EcranDeClip	ClipScreen	1	src/components/clip/ecran-clip.tsx:66	
EcranDeProjet	ProjectScreen	2	src/components/tri/ecran-projet.tsx:41	
écrêtés	clipped	1	src/server/steps/candidates.ts:854	
ecrire	write	5	src/components/clip/ecran-clip.tsx:221	
Ecrire	Write	2	src/components/clip/champs-textes.tsx:264	
écrire	write	5	src/components/clip/champs-textes.tsx:145	
écrireAnalyse	writeAnalysis	1	tests/server/clip-framing.test.ts:59	
écrireArtefact	writeArtifact	1	src/server/steps/candidates.ts:1753	
écrireEmpreinte	writeFingerprint	1	src/server/steps/render.ts:620	
écrireFichier	writeFile	1	src/server/steps/render.ts:1115	
ecrireRef	writeRef	1	src/lib/enregistrement.ts:273	
écrireRef	writeRef	1	src/components/clip/champs-textes.tsx:162	
écrireSessionTri	writeSessionReview	1	src/components/tri/session.ts:138	
écrireStatut	writeStatus	1	src/server/run.ts:487	
écrireTexteDePublication	publicationWriteText	1	src/server/steps/render.ts:1152	
écrireTranscript	writeTranscript	1	tests/server/empreinte.test.ts:178	
écrireTranscriptRepli	writeTranscriptFallback	1	tests/server/empreinte.test.ts:189	
ecrireUnTitre	writeATitle	2	tests/lib/enregistrement-auto.test.tsx:521	
écrit	written	4	src/app/api/clips/[id]/route.ts:150	
ecritureEnCours	writeInCurrent	2	src/components/clip/panneau-export.tsx:43	
ecritureEnEchec	writeInFailure	2	src/components/clip/panneau-export.tsx:44	
ÉcritureOrdonnée	WriteOrdered	1	src/server/db.ts:895	
ecrituresEnVol	writesInFlight	1	src/components/clip/ecran-clip.tsx:206	
éditable	editable	1	tests/components/tri/raccourcis.test.tsx:42	
editeur	editor	20	src/components/clip/ecran-clip.tsx:68	
édition	edit	1	src/app/api/clips/[id]/route.ts:116	
ÉDITION	EDIT	1	src/app/api/clips/[id]/route.ts:41	
effacerArtefact	eraseArtifact	1	src/server/steps/candidates.ts:1739	
effectif	effective	4	src/components/clip/apercu-sortie.tsx:108	
effet	effect	3	src/components/clip/raccourcis.tsx:173	
élargis	widened	1	scripts/mesure-premier-plan.ts:240	
élément	element	1	src/components/tri/fil.tsx:166	
élémentDeListe	listElement	1	src/server/vues.ts:67	
émettre	emit	2	src/server/steps/analysis.ts:595	
émission	show	8	scripts/mesure-ratios.ts:537	
Émission	Show	1	scripts/mesure-ratios.ts:502	
émissions	shows	2	scripts/mesure-ratios.ts:579	
empan	span	9	scripts/mesure-ratios.ts:1026	
Empan	Span	1	src/core/framing.ts:678	
empanFiltré	spanFilter	1	scripts/vignettes-premier-plan.ts:141	
empans	measurements	4	scripts/mesure-ratios.ts:555	
empans	spans	2	scripts/mesure-premier-plan.ts:179	
empansDe	spans	1	scripts/mesure-ratios.ts:414	
empêché	prevented	1	tests/components/clip/raccourcis.test.tsx:106	
empêchement	prevention	1	src/components/clip/panneau-export.tsx:133	
empiler	pushUndo	1	src/components/tri/fil.tsx:199	
empilés	stacked	1	tests/server/sources.test.ts:68	
empreinte	fingerprint	20	src/components/clip/panneau-export.tsx:41	
Empreinte	Fingerprint	1	src/server/steps/ingest.ts:37	
EMPREINTE_HEX	FINGERPRINT_HEX	1	src/server/vignettes-sources.ts:127	
empreinteÀJour	fingerprintToDay	1	src/server/steps/render.ts:737	
empreinteAvec	fingerprintWith	1	tests/server/render.test.ts:179	
empreinteDuRendu	renderFingerprint	2	src/components/clip/ecran-clip.tsx:148	
EmpreinteRendu	FingerprintRender	1	src/server/steps/render.ts:328	
empreinteSource	fingerprintSource	1	src/server/steps/ingest.ts:53	
enAttente	inWait	1	src/lib/enregistrement.ts:231	
enchainer	chain	1	tests/lib/enregistrement-auto.test.tsx:94	
enchaîner	chain	1	src/core/ffmpeg/args.ts:363	
encodages	encodings	1	tests/server/empreinte.test.ts:42	
encodeur	encoder	2	src/server/steps/render.ts:1359	
encodeurProxy	encoderProxy	1	src/server/steps/proxy.ts:45	
enCours	inCurrent	17	src/components/tri/relance.tsx:49	
enDossier	inFolder	1	tests/scripts/dev-commun.test.ts:69	
enEchec	inFailure	6	src/components/clip/champs-textes.tsx:50	
enfant	child	1	tests/core/erreurs.test.ts:83	
enFile	inFile	1	src/server/vignettes-sources.ts:340	
enGlissade	inSlide	1	src/store/editor.ts:53	
enJeu	inSet	1	src/server/steps/candidates.ts:1225	
enLecture	inPlayback	4	src/components/clip/clip-player.tsx:121	
enOctets	inOctets	1	src/server/steps/ingest.ts:428	
enPause	inPause	1	tests/components/clip/clip-player.test.tsx:29	
enPixels	inPixels	1	tests/server/analysis.test.ts:50	
enregistrement	autosave	3	src/components/clip/ecran-clip.tsx:165	
enSouffrance	inDistress	1	src/server/vignettes-sources.ts:268	
entete	header	3	src/components/tri/fil.tsx:71	
entête	header	1	scripts/mesure-ratios.ts:581	
enTête	inHead	1	src/server/octets.ts:249	
entêtes	headers	2	src/server/octets.ts:217	
entrant	incoming	1	tests/core/candidates.test.ts:78	
ENTRE_GUILLEMETS	BETWEEN_QUOTES	1	src/core/erreurs.ts:41	
ENTRE_NOUS	BETWEEN_US	1	tests/core/transcript.test.ts:278	
entree	entry	3	tests/core/edl.test.ts:46	
entrée	entry	7	src/core/ffmpeg/args.ts:350	
entrées	entries	5	src/core/ffmpeg/args.ts:607	
ENTRÉES_DÉTAIL	ENTRIES_DETAIL	1	tests/core/gemini.test.ts:112	
EntréeSidecar	EntrySidecar	1	src/server/run.ts:201	
enUsage	inUsage	2	tests/server/ingest.test.ts:265	
envDépart	envStart	11	tests/scripts/dev-commun.test.ts:23	
enveloppe	envelope	29	tests/components/clip/ecran-clip.test.tsx:100	
Enveloppe	Envelope	2	tests/components/sources/library-screen.test.tsx:105	
Environnement	Environment	1	src/server/secrets.ts:105	
environnementDétection	environmentDetection	1	src/server/steps/analysis.ts:349	
environnementWorker	environmentWorker	1	src/server/steps/transcript.ts:98	
envois	send	3	tests/lib/enregistrement-auto.test.tsx:477	
enVol	inFlight	3	src/lib/queries.ts:248	
envoyé	sent	1	src/components/clip/champs-textes.tsx:156	
epaisseur	thickness	1	src/core/captions/ass.ts:239	
épinglé	pinned	2	tests/core/framing.test.ts:545	
épuré	cleaned	2	tests/core/erreurs.test.ts:13	
épurerChemins	cleanPaths	1	src/core/erreurs.ts:194	
épurerMandataire	cleanProxy	1	src/server/steps/transcript.ts:192	
épurerRéférenceNue	cleanReferenceBare	1	src/core/erreurs.ts:147	
erreur	error	50	scripts/dev-ingest.ts:100	
ErreurHttp	ErrorHttp	1	src/server/http.ts:27	
erreurs	errors	3	tests/core/etapes.test.ts:42	
erreursDePureté	purityErrors	1	tests/core/purete.test.ts:38	
espion	spy	7	tests/components/tri/fil.test.tsx:196	
essais	attempts	12	tests/server/candidates.test.ts:186	
estAbsolu	estAbsolute	1	src/core/erreurs.ts:31	
estCible	estTarget	1	scripts/dev-run.ts:22	
estEcarte	estDiscarded	1	src/core/parcours.ts:33	
estGarde	estGuard	1	src/core/parcours.ts:29	
estLaDerniere	estLast	1	src/lib/enregistrement.ts:309	
estPassagère	estTransient	1	src/server/steps/candidates.ts:441	
estRéférence	estReference	1	src/server/secrets.ts:128	
estUneAbsence	estAAbsence	1	src/server/octets.ts:40	
estUnMoignon	estAStub	1	src/server/sources.ts:158	
étalé	spread	1	scripts/vignettes-premier-plan.ts:167	
etape	step	1	src/components/parcours/app-bar.tsx:62	
étape	step	6	src/core/ffmpeg/args.ts:370	
Étape	Step	1	src/core/ffmpeg/args.ts:350	
ÉtapeDécrite	StepDescribed	1	src/core/parcours.ts:165	
ÉtapeDuGraphe	GraphStep	1	tests/server/contrat.test.ts:3	
etapes	steps	1	tests/components/tri/avancement.test.tsx:101	
étapes	steps	9	src/core/ffmpeg/args.ts:366	
Étapes	Steps	1	src/server/run.ts:610	
ÉTAPES	STEPS	2	src/core/parcours.ts:208	
étapesFactices	stepsFake	1	tests/server/run.test.ts:51	
etapesQuiPendent	stepsWhichPending	1	tests/server/run.test.ts:723	
etat	state	18	src/components/clip/clip-player.tsx:243	
état	state	15	scripts/vignettes-premier-plan.ts:340	
étatDÉtape	stateDStep	1	src/components/tri/avancement.tsx:259	
ÉtatDÉtape	StateDStep	1	src/components/tri/avancement.tsx:251	
ÉtatDeTri	ReviewState	1	src/components/tri/session.ts:25	
EtatEditeur	StateEditor	1	src/store/editor.ts:46	
EtatEnregistrement	AutosaveState	1	src/lib/enregistrement.ts:24	
EtatLecture	StatePlayback	1	src/components/clip/lecture.ts:57	
ÉtatRepérage	StateDetection	1	src/server/run.ts:437	
etendait	extended	1	src/components/clip/transcript-surface.tsx:469	
etendre	extend	4	src/components/clip/transcript-surface.tsx:70	
etendreSelection	extendSelection	2	src/store/editor.ts:90	
étendue	extent	9	scripts/vignettes-cadrage.ts:217	
Étendue	Extent	2	src/server/steps/candidates.ts:828	
étendueDepuisArtefact	extentSinceArtifact	1	src/server/vues.ts:218	
étendueDuTranscript	transcriptExtent	1	src/server/steps/candidates.ts:885	
étendueOrigine	extentOrigin	1	src/server/vues.ts:208	
étendues	extents	4	src/core/transcript.ts:187	
étiquette	tag	4	scripts/dev-commun.ts:79	
étroit	narrow	2	tests/core/framing.test.ts:1083	
évaluer	evaluate	1	tests/worker/detect.test.ts:41	
événement	event	5	src/components/tri/candidate-card.tsx:241	
exclusifs	exclusive	1	tests/core/library.test.ts:227	
exécuter	execute	1	src/server/run.ts:844	
exécuterÉtape	executeStep	1	src/server/run.ts:1011	
exécution	execution	5	src/server/run.ts:141	
Exécution	Execution	1	src/server/run.ts:69	
ExécutionEnCoursError	ExecutionInCurrentError	1	src/server/run.ts:99	
exécutions	executions	1	tests/lib/parcours.test.ts:77	
exigerSecret	requireSecret	1	src/server/secrets.ts:252	
existait	existed	1	src/server/paths.ts:232	
existants	existing	1	src/server/steps/candidates.ts:1076	
existe	exists	2	src/server/steps/render.ts:777	
existeVrai	existsTrue	1	tests/core/etapes.test.ts:45	
exportComplet	exportComplete	1	tests/lib/queries.test.tsx:51	
EXTENSIONS_DE_POLICE	FONT_EXTENSIONS	1	src/server/steps/render.ts:483	
EXTENSIONS_VIDÉO	EXTENSIONS_VIDEO	1	src/server/sources.ts:61	
extraire	extract	9	src/server/vignettes-sources.ts:219	
extraireAvecFfmpeg	extractWithFfmpeg	1	src/server/vignettes-sources.ts:474	
extraireOk	extractOk	1	tests/server/vignettes-sources.test.ts:61	
factices	fake	1	tests/server/run.test.ts:724	
fait	done	3	src/core/pipeline.ts:75	
faites	made	2	tests/components/tri/avancement.test.tsx:22	
faux	fake	6	tests/components/sources/library-screen.test.tsx:84	
fenêtre	window	3	src/core/gemini/parse.ts:200	
fenêtres	windows	10	scripts/mesure-premier-plan.ts:258	
FENÊTRES	WINDOWS	1	tests/server/candidates.test.ts:1272	
fermer	close	1	src/server/arret.ts:22	
fichier	file	34	scripts/dev-commun.ts:34	
fige	frozen	1	src/components/clip/crop-picker.tsx:143	
figé	frozen	1	src/components/tri/fil.tsx:526	
fil	feed	1	src/components/parcours/app-bar.tsx:41	
FilDeTri	ReviewFeed	1	src/components/tri/fil.tsx:62	
filtres	filters	2	scripts/vignettes-cadrage.ts:150	
finBarre	finBar	1	scripts/dev-commun.ts:95	
finBrut	finRaw	1	src/core/range.ts:72	
finDAnalyse	finDAnalysis	1	src/components/sources/announce.ts:67	
finDe	waitForExit	1	tests/server/ffmpeg.test.ts:319	
FinDeBoucle	BoucleFin	1	src/components/tri/fin-de-boucle.tsx:31	
fini	done	2	scripts/dev-commun.ts:124	
finir	finish	1	src/server/ffmpeg.ts:399	
FINS_SANS_REFUS	ENDS_WITHOUT_REJECTION	1	src/server/steps/candidates.ts:201	
fixe	fixed	1	tests/core/framing.test.ts:372	
FLECHES	ARROWS	1	src/components/clip/raccourcis.tsx:32	
flux	stream	4	src/server/ffprobe.ts:75	
fluxWeb	streamWeb	1	src/server/octets.ts:89	
focaliser	focus	3	src/components/tri/fil.tsx:178	
fond	background	1	src/core/captions/ass.ts:246	
force	force	31	scripts/dev-ingest.ts:23	
force	forced	1	src/core/graph.ts:74	
forcéEnAmont	forcedInUpstream	1	src/core/graph.ts:87	
forcées	forcedSet	1	src/core/graph.ts:76	
forceId	forcedId	1	src/components/publication/publish-dialog.tsx:295	
formatTaille	formatSize	1	src/server/steps/analysis.ts:364	
forme	shape	2	tests/server/render.test.ts:170	
FormeRendue	ShapeRendered	1	src/server/steps/render.ts:286	
fractionDuPointeur	pointerFraction	1	src/components/clip/crop-picker.tsx:149	
fraiche	fresh	1	tests/server/ingest.test.ts:253	
frontières	boundaries	1	src/core/shots.ts:170	
fstypeDe	fstype	1	src/server/sources.ts:275	
fstypeDeMontage	editingFstype	1	src/server/sources.ts:243	
fusion	merge	1	tests/server/db.test.ts:576	
fusionnées	merged	1	src/core/transcript.ts:174	
futur	future	1	tests/server/clip-framing.test.ts:249	
gagnant	winner	12	src/lib/enregistrement.ts:120	
garde	guard	2	src/components/tri/candidate-card.tsx:81	
gardé	guard	1	tests/components/tri/fil.test.tsx:226	
gardées	kept	4	scripts/mesure-ratios.ts:875	
garder	keep	1	src/components/tri/raccourcis.ts:89	
gardes	guards	8	src/components/clip/ecran-clip.tsx:252	
gauche	left	7	src/components/clip/crop-picker.tsx:139	
geistSans	geistWithout	1	src/app/layout.tsx:6	
gelé	frozen	2	tests/components/clip/transcript-surface.test.tsx:148	
gens	people	1	tests/core/framing.test.ts:949	
GENS	PEOPLE	1	tests/core/framing.test.ts:233	
geste	gesture	1	tests/lib/enregistrement-auto.test.tsx:111	
GesteMot	GestureWord	1	src/components/clip/geste-mot.ts:22	
gesteSurMotBarré	gestureOnWordBar	1	src/components/clip/geste-mot.ts:35	
gestionnaire	handler	1	src/server/http.ts:92	
getCandidats	getCandidates	1	tests/server/api.test.ts:8	
getProjet	getProject	1	tests/server/api.test.ts:9	
getRéglages	getSettings	1	src/server/db.ts:628	
glisse	dragged	1	src/components/clip/transcript-surface.tsx:464	
GLOBALES	GLOBAL	1	src/core/ffmpeg/args.ts:42	
graphe	graph	11	src/core/ffmpeg/args.ts:364	
GRAPPES	CLUSTERS	1	tests/server/candidates.test.ts:1270	
grille	grid	1	src/components/tri/fil.tsx:99	
GrilleEnAttente	PendingGrid	1	src/components/tri/ecran-projet.tsx:357	
grilleVide	gridEmpty	1	src/components/tri/modele.ts:218	
harnais	harness	3	tests/components/sources/library-screen.test.tsx:98	
Harnais	Harness	3	tests/components/clip/raccourcis.test.tsx:37	
haut	top	10	scripts/vignettes-cadrage.ts:206	
HAUT_DE_BANDE	STRIP_TOP	1	src/server/steps/render.ts:839	
hautDeBande	stripTop	1	src/server/steps/render.ts:962	
hérité	inherited	1	src/server/steps/transcript.ts:102	
hésite	hesitates	1	scripts/vignettes-premier-plan.ts:290	
heures	hours	1	src/core/captions/ass.ts:158	
HEX_COULEUR	HEX_COLOR	1	src/core/captions/ass.ts:87	
histogramme	histogram	1	scripts/mesure-premier-plan.ts:137	
historique	history	5	src/store/editor.ts:48	
hôte	host	2	tests/components/tri/raccourcis.test.tsx:23	
humains	humans	1	src/core/candidates.ts:55	
I_AVEC_FILTRE	I_WITH_FILTER	1	scripts/mesure-premier-plan.ts:66	
I_SANS_FILTRE	I_WITHOUT_FILTER	1	scripts/mesure-premier-plan.ts:65	
iAnalyse	iAnalysis	1	scripts/mesure-premier-plan.ts:272	
ici	here	1	src/lib/parcours.ts:129	
icone	icon	1	src/components/sources/ligne-montage.tsx:38	
identifiant	identifier	1	src/components/clip/champs-textes.tsx:52	
Identiques	Identical	1	tests/server/contrat.test.ts:28	
identités	identities	1	src/components/tri/fil.tsx:525	
identitésDeMarques	markersIdentities	1	src/server/steps/render.ts:527	
idsPourVue	idsForView	1	src/components/tri/modele.ts:77	
idsPris	idsTaken	1	src/server/steps/candidates.ts:1462	
iInstants	iMoments	1	scripts/mesure-ratios.ts:1089	
illisible	unreadable	1	tests/server/api.test.ts:1451	
imageSuivante	imageNext	1	tests/components/clip/transcript-surface.test.tsx:76	
imbriques	nested	1	tests/core/transcript.test.ts:544	
inconnue	unknown	2	tests/core/parcours.test.ts:101	
inconnues	unknown	1	scripts/dev-run.ts:42	
incrusté	burnedIn	2	tests/server/render.test.ts:514	
incrustées	burnedIn	1	src/server/steps/render.ts:654	
incrustés	burnedIn	2	src/server/steps/render.ts:541	
indifférents	indifferent	1	tests/server/render.test.ts:475	
ingéré	ingested	1	tests/server/run.test.ts:567	
ingérerOuExpliquer	ingestOrExplain	1	src/server/steps/ingest.ts:442	
ingestionNécessaire	ingestionNecessary	1	src/server/run.ts:838	
inscrites	registered	1	src/core/graph.ts:103	
insérer	insert	1	src/server/db.ts:1038	
INSÉRER_CLIP	INSERT_CLIP	1	src/server/db.ts:809	
instant	moment	1	src/server/thumbs.ts:88	
instants	moments	2	scripts/mesure-ratios.ts:1071	
instantsQuiÉlargissent	momentsWhichWiden	1	scripts/mesure-ratios.ts:987	
instantVignette	momentVignette	1	src/server/thumbs.ts:57	
instantVignetteSource	momentVignetteSource	1	src/server/vignettes-sources.ts:200	
interdites	forbidden	1	tests/server/candidates.test.ts:929	
INTERDITS	FORBIDDEN	1	tests/core/purete.test.ts:43	
intervalle	interval	1	src/server/vues.ts:297	
Intervalle	Interval	1	src/components/clip/lecture.ts:28	
intervalles	intervals	3	src/core/framing.ts:917	
introuvable	notFound	1	src/server/http.ts:38	
invalide	invalid	14	tests/lib/queries-relance.test.tsx:32	
jamais	never	4	tests/server/candidates.test.ts:224	
jamaisNotées	neverNoted	1	src/server/steps/candidates.ts:789	
jeton	token	6	src/lib/queries.ts:272	
jetonDuGeste	gestureToken	1	src/lib/queries.ts:197	
jetons	tokens	3	src/server/db.ts:869	
JetonsClip	TokensClip	1	src/server/db.ts:855	
jour	day	1	src/core/pipeline.ts:39	
journal	log	4	src/server/ffmpeg.ts:365	
Journal	Log	1	src/server/ffmpeg.ts:91	
journaliser	shouldLog	2	src/server/steps/analysis.ts:592	
journaliserBilan	logSummary	1	src/server/steps/candidates.ts:1281	
jusquÀLaFenêtreSeule	untilToWindowOnly	1	src/server/steps/candidates.ts:1260	
juste	just	1	tests/worker/detect.test.ts:357	
laisserFinir	leaveFinish	1	tests/server/api.test.ts:98	
lancement	launched	1	src/app/api/projects/[id]/run/route.ts:75	
lancer	launch	3	src/components/clip/panneau-export.tsx:144	
lancerRoute	launchRoute	1	tests/server/api.test.ts:1248	
lancerWorker	launchWorker	2	src/server/steps/analysis.ts:571	
large	wide	5	scripts/mesure-ratios.ts:458	
larges	wide	1	scripts/vignettes-premier-plan.ts:303	
largeur	width	12	scripts/mesure-ratios.ts:349	
LARGEUR_MINIMALE	WIDTH_MINIMUM	1	src/server/steps/render.ts:869	
largeurRatio	widthRatio	2	src/server/steps/render.ts:879	
largeurs	widths	1	scripts/mesure-premier-plan.ts:182	
LE_PLUS_LARGE	WIDEST	1	src/core/framing.ts:790	
lecteur	player	3	src/components/clip/clip-player.tsx:38	
Lecteur	Player	1	src/components/clip/clip-player.tsx:20	
LecteurDeSecret	SecretPlayer	1	src/server/secrets.ts:95	
lecteurFactice	playerFake	1	tests/server/secrets.test.ts:20	
lectureOuPause	playbackOrPause	2	src/components/clip/raccourcis.tsx:89	
lectures	reads	1	src/server/secrets.ts:301	
légal	legal	1	src/core/framing.ts:909	
leRenduEstPérimé	renderEstStale	1	src/server/steps/render.ts:1827	
lesMarquesOntBougé	markersHaveMoved	1	src/server/steps/render.ts:646	
lesPlusLarges	moreWide	1	scripts/vignettes-premier-plan.ts:185	
leverSiBloquée	leverIfBlocked	1	src/server/steps/candidates.ts:412	
libelle	label	8	src/components/tri/avancement.tsx:95	
libellé	label	2	src/components/clip/panneau-export.tsx:580	
LIBELLES_ETAPES	LABELS_STEPS	1	src/core/parcours.ts:180	
LIBELLES_ÉTAT	LABELS_STATE	1	src/components/tri/avancement.tsx:253	
LIBELLES_STATUT	LABELS_STATUS	1	src/lib/clip-status.ts:24	
LIBELLES_VIDE	LABELS_EMPTY	1	src/components/tri/fil.tsx:485	
libérer	release	2	tests/components/clip/panneau-export.test.tsx:210	
lien	link	4	src/components/tri/fil.tsx:256	
lienClip	linkClip	1	src/lib/parcours.ts:69	
lienProjet	linkProject	1	src/lib/parcours.ts:47	
ligne	line	30	scripts/dev-run.ts:65	
LIGNE_STATS	LINE_STATS	1	src/server/ffmpeg.ts:42	
LigneClip	LineClip	1	src/server/db.ts:723	
ligneCurseur	lineCursor	1	src/components/clip/transcript-surface.tsx:208	
ligneDepuisClip	lineSinceClip	1	src/server/db.ts:793	
ligneDeStyle	styleLine	1	tests/core/captions.test.ts:22	
ligneDuMot	wordLine	1	src/components/clip/transcript-surface.tsx:376	
ligneInitiale	lineInitial	3	src/components/clip/transcript-surface.tsx:54	
LigneMontage	EditingLine	1	src/components/sources/ligne-montage.tsx:31	
ligneRépartition	lineDistribution	1	scripts/mesure-ratios.ts:477	
lignes	lines	16	src/components/clip/panneau-export.tsx:538	
lignes	raw	1	tests/components/clip/transcript-surface.test.tsx:54	
LIGNES	LINES	1	tests/components/show/transcript-panel.test.tsx:55	
lignesAutourDuClip	clipLinesAround	1	src/server/vues.ts:269	
lignesDuTranscript	transcriptLines	1	src/server/vues.ts:143	
lignesIndexees	linesIndexed	1	src/components/clip/ecran-clip.tsx:115	
lignesRef	linesRef	1	src/components/clip/transcript-surface.tsx:189	
lines	indexed	1	tests/lib/editing.test.ts:65	déjà anglais avant le balayage — déplacé par collision avec lignes→lines (la variable englobante lue sur la même ligne), jamais candidat à une traduction
lireAnalyse	lireAnalysis	1	src/server/steps/analysis.ts:228	
lireDansOnePassword	lireInOnePassword	1	src/server/secrets.ts:139	
lireEmpreinte	lireFingerprint	1	src/server/steps/render.ts:581	
lireJetons	lireTokens	1	src/server/db.ts:857	
lireSessionTri	lireSessionReview	1	src/components/tri/session.ts:91	
lireStatut	lireStatus	1	src/server/run.ts:573	
lireVrai	lireTrue	1	tests/core/etapes.test.ts:44	
lisible	readable	2	src/server/vignettes-sources.ts:134	
lisibles	readable	1	src/core/gemini/parse.ts:311	
liste	list	14	scripts/vignettes-premier-plan.ts:167	
ListeDesSorties	OutputsList	1	src/components/clip/panneau-export.tsx:402	
listeInconnue	listUnknown	1	src/components/tri/ecran-projet.tsx:82	
listerProjets	listProjects	1	tests/server/api.test.ts:13	
listerSources	listSources	2	src/server/sources.ts:301	
listes	lists	1	tests/lib/parcours.test.ts:79	
livraisonÀJour	deliveryToDay	1	src/server/rendus.ts:143	
livres	delivered	1	src/components/clip/panneau-export.tsx:119	
longs	long	1	tests/components/clip/lecture.test.ts:44	
longue	long	1	tests/components/tri/avancement.test.tsx:139	
longueur	length	3	scripts/mesure-premier-plan.ts:258	
LookDesSousTitres	CaptionsLook	1	src/server/steps/render.ts:411	
lot	batch	6	src/server/steps/candidates.ts:1213	
LOT_NOTATION_PAR_DÉFAUT	BATCH_NOTATION_BY_DEFAULT	1	src/server/steps/candidates.ts:85	
lots	batches	13	src/components/tri/modele.ts:159	
lotsRefusés	batchesRejected	1	src/server/steps/candidates.ts:805	
lotsRépondus	batchesResponded	1	src/server/steps/candidates.ts:807	
lus	read	2	src/server/db.ts:863	
maintenant	now	2	src/lib/queries.ts:198	
MANDATAIRES	PROXIES	1	src/server/steps/transcript.ts:177	
marge	margin	9	scripts/mesure-ratios.ts:632	
MARGE	MARGIN	1	src/server/steps/render.ts:842	
MARGE_BASSE	MARGIN_LOW	1	src/core/captions/ass.ts:65	
MARGE_FERMETURE	MARGIN_CLOSING	1	src/server/vignettes-sources.ts:211	
MARGES	MARGINS	1	scripts/mesure-ratios.ts:116	
marque	marker	2	src/server/ffmpeg.ts:559	
Marque	Marker	1	src/components/tri/avancement.tsx:270	
MARQUE_TEMPS	MARKER_TIME	1	src/server/ffmpeg.ts:54	
MarqueNative	MarkerNative	1	src/server/steps/render.ts:887	
marquerExporté	markExported	1	src/server/steps/render.ts:1712	
marquerSourceAnalysée	markSourceAnalyzed	1	src/components/sources/use-sources.ts:47	
marques	markers	13	src/server/steps/render.ts:522	
MARQUES_ATTENDUES	MARKERS_EXPECTED	1	src/server/steps/render.ts:879	
marquesAprès	markersAfter	1	src/server/steps/render.ts:1622	
marquesIncrustées	markersBurnedIn	1	tests/server/empreinte.test.ts:216	
marquesNommées	markersNamed	1	tests/server/render.test.ts:122	
marqueur	marker	1	src/server/steps/candidates.ts:444	
MARQUEURS_PASSAGERS	MARKERS_TRANSIENT	1	src/server/steps/candidates.ts:262	
masque	mask	1	tests/lib/parcours.test.ts:67	
mauvais	bad	3	tests/core/ffmpeg-args.test.ts:579	
mauvaisCompte	badCount	1	scripts/vignettes-premier-plan.ts:213	
mauvaise	bad	2	tests/core/ffmpeg-args.test.ts:534	
MAX_CHARS_DEFAUT	MAX_CHARS_DEFAULT	1	src/core/captions/cards.ts:16	
MAX_DURATION_DEFAUT	MAX_DURATION_DEFAULT	1	src/core/captions/cards.ts:19	
médiane	median	5	scripts/mesure-premier-plan.ts:77	
meilleur	best	2	src/core/framing.ts:926	
mêmesSegments	sameSegments	2	src/lib/enregistrement.ts:39	
mêmeUnion	sameUnion	1	tests/server/contrat.test.ts:37	
mémoire	memory	3	src/components/tri/session.ts:92	
mémoireCandidats	memoryCandidates	1	src/server/vues.ts:186	
mémorisée	memoized	2	src/components/tri/ecran-projet.tsx:330	
messageDe	message	1	src/components/tri/ecran-projet.tsx:346	
messageDÉchec	messageDFailure	1	tests/server/secrets.test.ts:39	
messageDeRefus	rejectionMessage	1	tests/server/render.test.ts:1574	
messageÉpuré	messageCleaned	1	src/core/erreurs.ts:225	
messageServeur	messageServer	1	src/components/sources/textes.ts:115	
messageSûr	messageSafe	1	src/server/erreurs.ts:125	
Mesurée	Measured	1	scripts/vignettes-cadrage.ts:206	
mesures	measurements	5	scripts/mesure-ratios.ts:767	
mesuresParPlan	measurementsByShot	1	src/core/framing.ts:1138	
mieux	better	1	src/core/framing.ts:948	
migrer	migrate	1	src/server/db.ts:143	
milieu	middle	4	src/components/clip/lecture.ts:46	
minuterie	timer	2	src/components/clip/champs-textes.tsx:157	
minuteur	timer	1	src/lib/enregistrement.ts:306	
MODAUX	MODALS	1	src/components/clip/raccourcis.tsx:42	
modèle	template	3	src/server/steps/analysis.ts:434	
modèleDétection	templateDetection	1	src/server/steps/analysis.ts:299	
modif	change	2	src/components/clip/ecran-clip.tsx:300	
mois	month	1	src/core/pipeline.ts:39	
MOIS	MONTH	1	src/core/pipeline.ts:6	
moitié	half	1	src/server/steps/candidates.ts:1386	
montage	editing	7	src/components/sources/ligne-montage.tsx:32	
MONTAGE_ATTENDU	EDITING_EXPECTED	1	src/components/sources/ligne-montage.tsx:74	
MontageMuetError	EditingMuteError	1	src/server/vignettes-sources.ts:232	
montageRépond	editingResponds	1	src/server/steps/ingest.ts:151	
montageRéponds	editingRespond	1	tests/server/empreinte.test.ts:86	
montages	edits	1	src/server/sources.ts:243	
MONTAGES	EDITS	1	tests/server/sources.test.ts:25	
montageVivant	editingVivant	1	src/server/run.ts:229	
monte	mount	3	tests/lib/enregistrement-auto.test.tsx:130	
montée	totalDuration	1	src/core/framing.ts:1168	
montées	peopleInSegments	1	src/core/framing.ts:1129	
monter	mount	11	tests/components/clip/ecran-clip.test.tsx:96	
Monter	Mount	1	src/components/tri/candidate-card.tsx:215	
monterFauxWorker	mountFakeWorker	1	tests/server/analysis.test.ts:391	
monterSurObservateurPartage	mountOnObserverShared	1	tests/lib/enregistrement-auto.test.tsx:476	
montes	mounts	2	src/components/tri/fin-de-boucle.tsx:58	
morceau	piece	8	src/server/ffmpeg.ts:67	
morceaux	pieces	1	src/server/vues.ts:288	
mot	word	24	src/components/clip/geste-mot.ts:37	
Mot	Word	1	src/components/clip/transcript-surface.tsx:436	
mot0	word0	2	tests/components/show/transcript-panel.test.tsx:410	
motÀ	wordTo	1	src/components/clip/lecture.ts:41	
motActif	wordActive	2	src/components/clip/lecture.ts:62	
motAuDécalage	wordOffset	1	src/components/clip/recherche.ts:40	
motDuRepérage	detectionWord	1	src/components/tri/modele.ts:120	
MotDuRepérage	DetectionWord	1	src/components/tri/modele.ts:109	
motif	pattern	1	tests/components/clip/crop-picker.test.tsx:89	
mots	sorted	1	src/core/captions/retime.ts:49	
mots	words	22	scripts/dev-transcribe.ts:129	
MOTS	WORDS	1	tests/core/gemini.test.ts:66	
MOTS_COURTS	WORDS_SHORT	1	tests/core/gemini.test.ts:76	
motsDièse	wordsHash	2	src/components/clip/textes.ts:26	
muet	mute	2	tests/server/candidates.test.ts:1225	
MULTIPLES	MULTIPLE	1	src/components/sources/textes.ts:15	
natif	native	1	src/core/framing.ts:1202	
natifEncodé	nativeEncoded	1	src/server/steps/render.ts:1363	
nettoyé	cleaned	2	src/core/gemini/parse.ts:374	
NEUTRE	NEUTRAL	1	src/components/tri/session.ts:68	
nFrontière	nBoundary	1	scripts/vignettes-premier-plan.ts:262	
nInstants	nMoments	1	scripts/mesure-ratios.ts:1155	
nLarge	nWide	1	scripts/vignettes-premier-plan.ts:263	
noeud	node	1	tests/components/tri/fil.test.tsx:569	
nom	name	73	scripts/dev-render.ts:80	
NOM	NAME	1	tests/server/ingest.test.ts:422	
NOM_LISIBLE_OCTETS	NAME_READABLE_OCTETS	1	src/server/vignettes-sources.ts:126	
nombre	number	2	scripts/mesure-ratios.ts:222	
nombreAprès	numberAfter	1	scripts/vignettes-premier-plan.ts:214	
nombreOuNull	numberOrNull	1	src/server/ffprobe.ts:38	
nomDeCache	cacheName	1	src/server/vignettes-sources.ts:129	
nomDePolice	fontName	1	src/core/captions/ass.ts:198	
nommée	named	1	src/components/tri/ecran-projet.tsx:302	
noms	names	8	src/components/clip/panneau-export.tsx:103	
NOMS_PASSAGERS	NAMES_TRANSIENT	1	src/server/steps/candidates.ts:297	
nomsDeSortie	outputNames	1	src/components/clip/textes.ts:79	
NomsDeSortie	OutputNames	1	src/components/clip/textes.ts:61	
nomSidecar	nameSidecar	1	src/server/run.ts:296	
nomSource	nameSource	1	src/components/sources/use-sources.ts:49	
nonNotées	notNoted	2	src/server/steps/candidates.ts:1112	
normalisé	normalized	1	src/components/clip/recherche.ts:48	
normaliser	normalize	1	src/components/clip/recherche.ts:16	
notée	noted	1	src/core/gemini/parse.ts:32	
notées	noted	6	src/server/steps/candidates.ts:776	
noter	note	1	tests/server/run.test.ts:52	
noterEtRécupérer	noteAndRecover	1	src/server/steps/candidates.ts:1206	
noterLesFenêtres	noteWindows	1	src/server/steps/candidates.ts:1158	
noterUnLot	noteABatch	1	src/server/steps/candidates.ts:1302	
nouveaux	freshClips	1	src/core/candidates.ts:63	
nu	bare	1	tests/core/erreurs.test.ts:278	
nul	nullDimensions	1	tests/server/analysis.test.ts:297	
numéroÉcriture	numberWrite	1	src/server/ffmpeg.ts:539	
objet	object	1	src/core/gemini/parse.ts:379	
observé	observed	3	src/server/steps/render.ts:698	
omises	omitted	1	src/server/steps/candidates.ts:1421	
onBilan	onSummary	2	src/server/steps/candidates.ts:746	
onEcarter	onDiscard	2	src/components/tri/candidate-card.tsx:37	
onEchec	onFailure	2	src/components/clip/champs-textes.tsx:30	
onEcrire	onWrite	11	src/components/clip/champs-textes.tsx:29	
onEtendre	onExtend	4	src/components/clip/transcript-surface.tsx:56	
onFermer	onClose	2	src/components/clip/transcript-surface.tsx:394	
onForce	onForced	2	src/components/publication/publish-dialog.tsx:284	
onGarder	onKeep	2	src/components/tri/candidate-card.tsx:36	
onOuvert	onOpen	4	src/components/clip/raccourcis.tsx:189	
onPlacer	onPlace	6	src/components/clip/transcript-surface.tsx:59	
onRecherche	onSearch	3	src/components/clip/transcript-surface.tsx:61	
onReessayer	onRetry	2	src/components/sources/ligne-montage.tsx:33	
onRemonter	onSurface	4	src/components/clip/transcript-surface.tsx:58	
onRequête	onRequest	2	src/components/clip/transcript-surface.tsx:392	
onSelectionner	onSelect	5	src/components/clip/transcript-surface.tsx:55	
onStatut	onStatus	2	src/components/tri/fil.tsx:70	
onSuivant	onNext	2	src/components/clip/transcript-surface.tsx:393	
onTerminer	onFinish	6	src/components/clip/transcript-surface.tsx:57	
onVue	onView	2	src/components/tri/fil.tsx:66	
opacite	opacity	1	src/core/captions/ass.ts:117	
OptionsAnalyse	OptionsAnalysis	1	src/server/steps/analysis.ts:368	
OptionsArtefact	OptionsArtifact	1	src/server/ffmpeg.ts:477	
OptionsLancement	OptionsLaunch	1	src/server/run.ts:621	
OptionsRendu	OptionsRender	1	src/server/steps/render.ts:77	
ordonnées	ordered	1	src/core/transcript.ts:173	
ordre	order	1	tests/core/parcours.test.ts:196	
ORDRE_RATIOS	ORDER_RATIOS	1	src/lib/crop-preview.ts:20	
ordreAffiché	orderDisplayed	1	tests/components/tri/fil.test.tsx:134	
oublierBilan	forgetSummary	1	src/server/steps/candidates.ts:939	
oublierSidecar	forgetSidecar	1	src/server/run.ts:312	
oùRegarder	whereRegarder	1	scripts/mesure-ratios.ts:1067	
outSansChemin	outWithoutPath	1	scripts/vignettes-premier-plan.ts:234	
ouvert	open	7	src/components/clip/raccourcis.tsx:188	
ouverte	open	1	src/components/clip/transcript-surface.tsx:77	
ouverts	open	1	tests/components/tri/fil.test.tsx:193	
ouvrir	open	2	src/components/tri/fil.tsx:230	
PageDeClip	ClipPage	1	src/app/clips/[id]/page.tsx:20	
PageDeProjet	ProjectPage	1	src/app/projects/[id]/page.tsx:18	
pairInférieur	pairLower	1	src/core/framing.ts:123	
pairProche	pairNear	1	src/core/framing.ts:128	
palier	tier	2	tests/core/ffmpeg-args.test.ts:31	
PanneauAvancement	PanelProgress	1	src/components/tri/avancement.tsx:33	
PanneauExport	PanelExport	1	src/components/clip/panneau-export.tsx:36	
paramètres	parameters	1	src/components/tri/ecran-projet.tsx:301	
parClip	byClip	1	scripts/mesure-ratios.ts:537	
parId	byId	2	src/components/tri/fil.tsx:551	
parImage	byImage	4	scripts/mesure-ratios.ts:1014	
parMinutes	byMinutes	1	src/core/transcript.ts:410	
parNom	byName	2	tests/server/sources.test.ts:208	
parole	speech	2	src/core/transcript.ts:409	
paroleSec	speechSec	1	src/server/steps/candidates.ts:1002	
paroleUtile	speechUseful	1	src/core/transcript.ts:354	
partagée	shared	1	src/server/db.ts:243	
partager	share	1	src/server/steps/candidates.ts:1721	
partCouverte	partCovered	1	src/server/steps/candidates.ts:850	
partDeLEcran	lScreenPart	1	src/components/clip/apercu-sortie.tsx:43	
partis	left	2	tests/server/vignettes-sources.test.ts:404	
pas	not	8	scripts/mesure-premier-plan.ts:142	
PAS	NOT	1	src/components/clip/crop-picker.tsx:24	
PAS_DÉVERROUILLÉ	NOT_UNLOCKED	1	src/server/secrets.ts:179	
PAS_RAPIDE	NOT_FAST	1	src/components/clip/crop-picker.tsx:25	
passagères	transient	1	tests/server/candidates.test.ts:1091	
passe	past	1	src/server/steps/candidates.ts:1079	
patcher	patch	2	tests/server/api.test.ts:875	
patchs	patches	3	tests/components/clip/ecran-clip.test.tsx:304	
patchsAvant	patchesBefore	1	tests/components/clip/ecran-clip.test.tsx:396	
peindre	paint	1	src/components/clip/apercu-sortie.tsx:124	
peindreMaintenant	paintNow	1	src/components/clip/apercu-sortie.tsx:159	
peindreRef	paintRef	1	src/components/clip/apercu-sortie.tsx:152	
peindreSortie	paintOutput	1	src/components/clip/apercu-sortie.tsx:54	
pendant	during	1	tests/server/candidates.test.ts:588	
pendantLEncodage	duringLEncoding	1	tests/server/empreinte.test.ts:39	
pendre	pend	1	tests/server/run.test.ts:725	
perdu	lost	1	tests/components/tri/fil.test.tsx:728	
périmé	stale	1	src/app/api/clips/[id]/route.ts:206	
périmée	stale	3	tests/server/db.test.ts:630	
PÉRIODE_ÉCRITURE_MS	PERIOD_WRITE_MS	1	src/server/run.ts:583	
personnes	people	1	tests/core/framing.test.ts:211	
perte	loss	2	src/components/tri/modele.ts:111	
PETIT_CÔTÉ	PETIT_SIDE	1	src/components/clip/apercu-sortie.tsx:34	
peutAnnuler	canCancel	1	src/components/clip/ecran-clip.tsx:70	
peutRenvoyer	canReturn	1	src/components/clip/ecran-clip.tsx:202	
peutRetablir	canRestore	1	src/components/clip/ecran-clip.tsx:71	
phaseProjet	phaseProject	1	src/core/parcours.ts:102	
phasesAtteignables	phasesReachable	1	tests/lib/parcours.test.ts:90	
PHRASES	SENTENCES	1	tests/core/gemini.test.ts:34	
piège	trap	1	tests/server/secrets.test.ts:211	
pile	stack	2	src/components/tri/fil.tsx:104	
Piloté	Driven	1	tests/components/tri/fil.test.tsx:416	
placé	place	4	tests/server/render.test.ts:824	
PlacementMarque	PlacementMarker	1	src/server/steps/render.ts:902	
placerLecture	placePlayback	1	src/components/clip/clip-player.tsx:58	
placés	placed	1	tests/server/render.test.ts:832	
plafond	cap	4	scripts/mesure-premier-plan.ts:158	
PLAFOND_DE_SORTIE	OUTPUT_CAP	1	src/server/steps/candidates.ts:127	
PLAFOND_HAUTEUR	CAP_HAUTEUR	1	src/server/steps/render.ts:860	
plafondAbsolu	capAbsolute	1	src/server/steps/candidates.ts:1448	
plage	range	2	src/server/octets.ts:89	
PLAGE	RANGE	1	src/core/range.ts:34	
plan	plan	20	scripts/dev-run.ts:51	
plan	shot	26	scripts/mesure-ratios.ts:348	
PLAN_A	SHOT_A	1	tests/core/framing.test.ts:229	
PLAN_B	SHOT_B	1	tests/core/framing.test.ts:230	
plancher	floor	5	src/app/api/clips/[id]/route.ts:152	
plancherClips	floorClips	1	src/core/transcript.ts:459	
plancherDOrdre	floorDOrder	1	src/server/db.ts:890	
planifié	scheduled	1	src/components/tri/fil.tsx:611	
planifier	schedule	1	src/core/graph.ts:105	
planifierMarques	scheduleMarkers	1	src/server/steps/render.ts:932	
planPourCibles	planForTargets	1	src/server/run.ts:651	
plans	shots	14	scripts/mesure-ratios.ts:752	
PLANS	SHOTS	1	tests/core/framing.test.ts:231	
plansEnPartition	shotsInPartition	1	src/server/steps/analysis.ts:154	
planSteps	planSteps	1	src/core/graph.ts:71	
plate	flat	1	tests/server/analysis.test.ts:92	
plein	full	1	scripts/dev-commun.ts:87	
pluriel	plural	3	src/components/clip/panneau-export.tsx:122	
pluriels	plurals	1	src/components/sources/textes.ts:99	
plusHaute	moreHigh	1	tests/server/render.test.ts:843	
poisson	fish	1	tests/core/framing.test.ts:913	
police	font	1	src/core/captions/ass.ts:234	
POLICE_PAR_DEFAUT	FONT_BY_DEFAULT	1	src/core/captions/ass.ts:45	
polices	fonts	5	src/server/steps/render.ts:411	
PONCTUATION_FINALE	PUNCTUATION_FINAL	1	src/core/erreurs.ts:144	
PONT_MAX	BRIDGE_MAX	1	src/lib/editing.ts:132	
posé	posed	1	src/components/tri/fil.tsx:595	
poserBaseAncienne	poserBaseOld	1	tests/server/db.test.ts:674	
poserBorne	poserBound	4	src/components/clip/raccourcis.tsx:94	
poserEmpreinte	poserFingerprint	2	tests/server/api.test.ts:121	
poserProjet	poserProject	1	tests/server/run.test.ts:94	
poserRendus	poserRenders	1	tests/server/api.test.ts:108	
poserStatut	poserStatus	1	tests/server/api.test.ts:71	
poserVidéo	poserVideo	2	tests/server/sources.test.ts:103	
positionDe	position	1	src/core/gemini/parse.ts:185	
positionne	positioned	1	src/components/clip/transcript-surface.tsx:167	
positionnels	positional	4	scripts/dev-run.ts:31	
POSIX_NU	POSIX_BARE	1	src/core/erreurs.ts:48	
poster	post	1	src/lib/api.ts:680	
pourcent	percent	4	scripts/dev-commun.ts:84	
pourquoi	why	1	src/server/http.ts:43	
pousser	push	2	src/server/ffmpeg.ts:128	
préambule	preamble	1	tests/worker/detect.test.ts:42	
precedent	previous	5	src/components/clip/crop-picker.tsx:113	
précédent	previous	2	src/core/ffmpeg/args.ts:528	
precedentCandidat	previousCandidate	2	src/lib/queries.ts:289	
precedentClip	previousClip	2	src/lib/queries.ts:292	
précédente	previous	2	src/core/shots.ts:182	
précoce	early	1	tests/core/framing.test.ts:695	
préfixe	prefix	6	src/server/erreurs.ts:76	
PRÉFIXE_DATE	PREFIX_DATE	1	src/core/pipeline.ts:22	
PRÉFIXE_DE_RÉFÉRENCE	REFERENCE_PREFIX	1	src/core/erreurs.ts:58	
PRÉFIXES_DE_RÉFÉRENCE	REFERENCE_PREFIXES	1	src/server/secrets.ts:79	
premier	first	9	src/core/edl.ts:170	
première	first	1	tests/server/db.test.ts:603	
premiereLigne	firstLine	1	src/components/clip/ecran-clip.tsx:163	
premières	first	1	tests/server/run.test.ts:440	
premierPlan	firstShot	1	scripts/mesure-premier-plan.ts:113	
premiers	first	2	tests/server/candidates.test.ts:617	
préparer	prepare	2	tests/server/render.test.ts:1111	
préparerDossier	prepareFolder	1	src/server/paths.ts:231	
près	near	1	scripts/vignettes-premier-plan.ts:294	
présence	presence	4	scripts/dev-transcribe.ts:66	
presents	present	1	tests/core/parcours.test.ts:15	
presqueÉgal	almostEqual	1	tests/core/framing.test.ts:561	
pret	ready	2	src/lib/enregistrement.ts:199	
prêt	ready	2	src/components/tri/ecran-projet.tsx:98	
principale	main	1	src/core/captions/ass.ts:242	
pris	taken	1	src/core/candidates.ts:61	
produire	produce	1	src/server/vignettes-sources.ts:426	
produireArtefact	produceArtifact	1	src/server/ffmpeg.ts:516	
programme	program	1	tests/core/etapes.test.ts:53	
projet	project	35	scripts/dev-ingest.ts:34	
PROJET	PROJECT	5	tests/core/gemini.test.ts:31	
projetDe	project	1	src/server/sources.ts:358	
ProjetInconnuError	ProjectInconnuError	1	src/server/run.ts:107	
projetInitial	projectInitial	1	src/server/run.ts:846	
projets	projects	17	src/server/sources.ts:319	
promesse	promise	10	tests/lib/enregistrement-auto.test.tsx:90	
promesseSurveillee	promiseWatched	1	tests/lib/enregistrement-auto.test.tsx:87	
propose	proposed	1	tests/core/gemini.test.ts:89	
proposées	proposed	1	src/core/gemini/parse.ts:306	
propre	clean	3	src/components/clip/champs-textes.tsx:231	
provisoire	provisional	5	src/components/tri/modele.ts:113	
proxyPret	proxyReady	10	src/components/tri/candidate-card.tsx:38	
publié	published	2	tests/server/analysis.test.ts:499	
publier	publish	2	src/server/run.ts:585	
putClipOrdonné	putClipOrdered	1	src/server/db.ts:940	
pythonDétection	pythonDetection	1	src/server/steps/analysis.ts:273	
quand	when	1	tests/server/ingest.test.ts:241	
quart	quarter	1	tests/server/candidates.test.ts:1662	
quinze	fifteen	1	tests/core/gemini.test.ts:308	
quitter	quit	1	scripts/dev-commun.ts:121	
quoi	what	11	scripts/mesure-ratios.ts:579	
RACCOURCIS	SHORTCUTS	1	src/components/tri/fil.tsx:670	
racine	root	23	src/core/erreurs.ts:198	
RACINE	ROOT	1	tests/worker/detect.test.ts:24	
racines	roots	6	src/core/erreurs.ts:194	
racineVenv	rootVenv	1	src/server/steps/transcript.ts:49	
raison	reason	10	src/components/tri/candidate-card.tsx:228	
Raison	Reason	1	src/components/tri/relance.tsx:251	
RAISON_DE_LÉCART	GAP_REASON	1	src/server/steps/render.ts:746	
RAISON_EN_COURS	REASON_IN_CURRENT	1	src/components/tri/relance.tsx:32	
rang	rank	7	scripts/mesure-ratios.ts:378	
ranger	sort	1	src/server/steps/candidates.ts:1418	
rapides	fast	1	tests/lib/editing.test.ts:146	
ratioDe	ratio	1	scripts/mesure-ratios.ts:241	
ratioNatif	ratioNative	1	src/components/clip/textes.ts:79	
réarmerLeDisjoncteur	rearmCircuitBreaker	1	src/server/vignettes-sources.ts:287	
recalés	recalibrated	1	src/server/steps/render.ts:1902	
recherche	search	3	src/components/clip/ecran-clip.tsx:81	
reconcilie	reconciled	9	tests/lib/enregistrement-auto.test.tsx:125	
reconcilier	reconcile	4	src/lib/enregistrement.ts:205	
reconcilierRef	reconcileRef	1	src/lib/enregistrement.ts:274	
reçu	received	2	src/server/run.ts:129	
RÉCUPÉRATION_MAX	RECOVERY_MAX	1	src/server/steps/candidates.ts:110	
récupérer	recover	1	src/server/steps/candidates.ts:1365	
RÉEL	REAL	1	tests/server/ffprobe.test.ts:11	
refaireLesSorties	redoOutputs	1	src/server/steps/render.ts:812	
référence	reference	14	scripts/mesure-ratios.ts:631	
RÉFÉRENCE	REFERENCE	1	tests/server/erreurs.test.ts:34	
RÉFÉRENCE_CITÉE	REFERENCE_CITED	1	src/core/erreurs.ts:141	
RÉFÉRENCE_NUE	REFERENCE_BARE	1	src/core/erreurs.ts:120	
référencesConnues	referencesKnown	1	src/server/erreurs.ts:76	
refus	rejection	3	tests/server/render.test.ts:1142	
REFUS_DE_CONTENU	CONTENT_REJECTION	1	src/server/steps/candidates.ts:229	
refusal	rejection	1	src/server/llm/openai.ts:55	
REFUSAL_STATUS	REJECTION_STATUS	1	src/app/api/projects/[id]/transcript/route.ts:70	
refusalMessage	rejectionMessage	2	src/app/api/projects/[id]/transcript/route.ts:121	
refusant	rejecting	1	tests/server/candidates.test.ts:928	
refuse	rejected	3	src/lib/enregistrement.ts:119	
refusé	rejected	6	src/components/clip/ecran-clip.tsx:305	
refusées	rejected	1	src/server/steps/candidates.ts:794	
refuserFauteDeMarque	markerRejectFaute	1	src/server/steps/render.ts:1053	
refusés	rejected	3	src/server/steps/candidates.ts:1212	
région	region	1	tests/components/tri/avancement.test.tsx:220	
réglage	setting	1	src/core/framing.ts:428	
réglages	settings	1	src/server/steps/candidates.ts:1003	
RÈGLES_DE_PURETÉ	PURITY_RULES	1	tests/core/purete.test.ts:25	
reinitialiser	reset	2	src/components/clip/lecture.ts:75	
rejetées	rejected	1	src/core/framing.ts:1229	
rejeter	reject	5	tests/lib/enregistrement-auto.test.tsx:69	
rejets	rejections	1	tests/components/settings/settings-screen.test.tsx:172	
rejouer	replay	11	tests/lib/enregistrement-auto.test.tsx:160	
relacher	release	3	src/components/clip/transcript-surface.tsx:139	
relâcher	release	2	tests/server/api.test.ts:291	
relance	retry	2	src/components/tri/relance.tsx:50	
releve	reading	2	tests/components/tri/avancement.test.tsx:22	
relevé	reading	5	src/components/sources/ligne-montage.tsx:195	
Relevé	Reading	1	src/server/sources.ts:174	
RelevéDossier	ReadingFolder	1	src/server/sources.ts:73	
relevéPrésence	readingPresence	1	src/server/run.ts:343	
relever	capture	3	src/server/sources.ts:89	
releverAvecGarde	captureWithGuard	1	src/server/sources.ts:200	
releverLeDossier	captureFolder	1	src/server/sources.ts:115	
relevés	readings	1	tests/lib/parcours.test.ts:64	
relu	reread	5	src/app/api/clips/[id]/route.ts:308	
relus	reread	1	tests/server/db.test.ts:583	
remède	fix	2	src/server/secrets.ts:190	
remonterMot	surfaceWord	2	src/store/editor.ts:63	
remplacé	replaced	1	tests/server/render.test.ts:603	
remplacer	replace	1	tests/components/tri/ecran-projet.test.tsx:30	
rendu	render	6	src/server/steps/render.ts:1715	
rendu	view	2	tests/components/clip/panneau-export.test.tsx:74	
rendus	renders	3	tests/lib/enregistrement-auto.test.tsx:133	
rendusPrésents	rendersPresent	1	src/server/run.ts:327	
RENONCEMENT	GIVE_UP	2	src/server/sources.ts:171	
renoncer	abandon	1	src/server/ffmpeg.ts:385	
réordonné	reordered	1	tests/server/render.test.ts:523	
REPARATION	REPAIR	1	src/components/sources/ligne-montage.tsx:77	
répartition	distribution	2	scripts/mesure-premier-plan.ts:200	
repérage	detection	2	src/server/run.ts:75	
RepérageOptions	DetectionOptions	1	src/server/steps/candidates.ts:728	
Reperes	Landmarks	1	src/lib/parcours.ts:20	
repli	existingFolder	1	tests/server/paths.test.ts:205	
repli	fallback	8	src/core/captions/ass.ts:90	
REPLI_INSTANT_S	FALLBACK_MOMENT_S	1	src/server/vignettes-sources.ts:198	
repondre	respond	1	tests/components/sources/library-screen.test.tsx:214	
reponse	response	11	tests/components/clip/ecran-clip.test.tsx:82	
réponse	patchResult	1	tests/lib/queries.test.tsx:197	
réponse	response	44	src/app/api/clips/[id]/renders/[file]/route.ts:72	
réponseErreur	responseError	1	src/server/http.ts:77	
reponses	responses	1	tests/components/sources/library-screen.test.tsx:76	
repris	resumed	5	tests/lib/enregistrement-auto.test.tsx:71	
reprise	resume	2	src/components/tri/avancement.tsx:38	
requête	request	15	src/app/api/clips/[id]/export/route.ts:36	
requêteInvalide	requestInvalid	1	src/server/http.ts:43	
résolu	resolved	1	src/server/paths.ts:79	
résolus	resolved	3	scripts/dev-commun.ts:53	
résolveur	resolver	1	tests/server/render.test.ts:1536	
resolveVide	resolveEmpty	1	tests/server/api.test.ts:66	
resoudre	resolve	6	tests/components/sources/library-screen.test.tsx:215	
résoudre	resolve	12	src/server/steps/candidates.ts:507	
résoudreSecrets	resolveSecrets	2	src/instrumentation.ts:23	
respiration	breath	1	tests/lib/editing.test.ts:177	
resserrés	tightened	1	scripts/mesure-ratios.ts:640	
restant	remaining	1	src/server/steps/candidates.ts:1135	
restants	remaining	1	scripts/dev-commun.ts:123	
reste	remaining	8	src/core/pipeline.ts:39	
restes	remaining	1	tests/server/candidates.test.ts:685	
resultat	result	2	src/lib/enregistrement.ts:315	
résultat	result	49	scripts/dev-render.ts:50	
résultats	results	5	src/components/clip/transcript-surface.tsx:115	
resume	summary	1	src/components/clip/panneau-export.tsx:123	
résuméProjet	summaryProject	1	src/server/vues.ts:25	
retablir	restore	4	src/components/clip/raccourcis.tsx:91	
rétablir	restore	1	src/server/db.ts:986	
rétablirJetons	restoreTokens	1	src/server/db.ts:1039	
retenir	keep	2	src/server/run.ts:291	
retenues	kept	12	src/core/framing.ts:1231	
retenus	kept	1	src/server/db.ts:963	
retirer	remove	2	src/components/clip/raccourcis.tsx:92	
retirerClôtures	removeClosures	1	src/core/gemini/parse.ts:390	
retirerSelection	removeSelection	2	src/store/editor.ts:62	
retires	removed	1	tests/server/ingest.test.ts:285	
retirés	removed	1	tests/server/ingest.test.ts:313	
retour	returning	4	src/components/tri/ecran-projet.tsx:330	
retourné	returned	1	tests/server/analysis.test.ts:75	
retournée	returned	1	tests/server/analysis.test.ts:98	
réussi	succeeded	1	src/server/paths.ts:236	
réussis	succeeded	1	src/server/steps/candidates.ts:1640	
revenu	returned	1	tests/server/candidates.test.ts:622	
rien	nothing	2	tests/components/tri/modele.test.ts:144	
riennEstProduit	nothingEstProduced	1	tests/components/clip/panneau-export.test.tsx:45	
rognée	cropped	1	scripts/mesure-ratios.ts:882	
RunPlan	RunPlan	1	src/lib/api.ts:141	
saisir	input	1	src/components/clip/champs-textes.tsx:212	
sans	without	1	tests/core/parcours.test.ts:94	
SANS_BYTECODE	WITHOUT_BYTECODE	1	tests/worker/detect.test.ts:32	
sansClip	withoutClip	1	tests/lib/queries.test.tsx:130	
sansÉtendue	withoutExtent	1	tests/core/transcript.test.ts:263	
sansFiltre	withoutFilter	2	scripts/mesure-premier-plan.ts:235	
sansHorodatage	withoutTimestamp	1	scripts/dev-transcribe.ts:130	
sansJeton	withoutToken	1	tests/server/api.test.ts:1066	
sansMarge	withoutMargin	1	tests/core/framing.test.ts:374	
sansPolice	withoutFont	1	tests/server/empreinte.test.ts:607	
sansSousTitres	withoutUnderTitles	1	tests/server/render.test.ts:538	
sauterLeRendu	sauterRender	1	src/server/steps/render.ts:775	
sauvées	saved	1	scripts/mesure-premier-plan.ts:120	
schéma	schema	1	src/server/http.ts:110	
SCHÉMA	SCHEMA	1	src/server/db.ts:53	
SCHÉMA_ANALYSE	SCHEMA_ANALYSIS	1	src/server/steps/analysis.ts:182	
SCHÉMA_ANCIEN	SCHEMA_OLD	1	tests/server/db.test.ts:651	
SCHÉMA_BOÎTE	SCHEMA_BOX	1	src/server/steps/analysis.ts:73	
SCHÉMA_CLIP	SCHEMA_CLIP	1	src/core/gemini/parse.ts:43	
SCHÉMA_DÉTAIL	SCHEMA_DETAIL	1	src/server/steps/candidates.ts:351	
SCHÉMA_EMPREINTE	SCHEMA_FINGERPRINT	1	src/server/steps/render.ts:418	
SCHÉMA_MOT	SCHEMA_WORD	1	src/server/steps/candidates.ts:661	
SCHÉMA_NOTATION	SCHEMA_NOTATION	1	src/server/steps/candidates.ts:330	
SCHÉMA_NOTE	SCHEMA_NOTE	1	src/core/gemini/parse.ts:37	
SCHÉMA_PLAN	SCHEMA_SHOT	1	src/server/steps/analysis.ts:68	
SCHÉMA_TAILLE	SCHEMA_SIZE	1	src/server/steps/analysis.ts:62	
SCHÉMA_TRANSCRIPT	SCHEMA_TRANSCRIPT	1	src/server/steps/candidates.ts:663	
scriptDétection	scriptDetection	1	src/server/steps/analysis.ts:306	
seconde	second	2	tests/server/db.test.ts:608	
secondes	seconds	6	scripts/dev-commun.ts:59	
SECONDES_PAR_CRÉNEAU	SECONDS_BY_SLOT	1	src/core/transcript.ts:343	
secondesDeParole	speechSeconds	1	src/core/transcript.ts:278	
SEGMENT_DANS_LE_CLIP	SEGMENT_IN_CLIP	1	tests/server/empreinte.test.ts:762	
SEGMENT_HORS_DU_CLIP	CLIP_SEGMENT_HORS	1	tests/server/empreinte.test.ts:774	
SegmentDeTranscript	TranscriptSegment	1	tests/server/empreinte.test.ts:170	
segmentsIdentiques	segmentsIdentical	1	src/lib/enregistrement.ts:50	
selectionne	selected	4	src/components/clip/transcript-surface.tsx:438	
selonLaCause	perCause	1	src/components/sources/ligne-montage.tsx:96	
sens	direction	1	scripts/mesure-premier-plan.ts:246	
séparateur	separator	1	scripts/mesure-ratios.ts:1113	
separes	separated	2	tests/lib/editing.test.ts:159	
serré	tight	1	tests/server/render.test.ts:931	
serveur	server	2	tests/components/sources/library-screen.test.tsx:75	
servir	serve	1	tests/components/tri/ecran-projet.test.tsx:82	
servirFichier	serveFile	1	src/server/octets.ts:214	
servirProxy	serveProxy	1	tests/server/proxy.test.ts:6	
servirRendu	serveRender	1	tests/server/api.test.ts:6	
setAide	setHelp	2	src/components/clip/ecran-clip.tsx:100	
setCopié	setCopy	1	src/components/clip/panneau-export.tsx:587	
setCurseur	setCursor	1	src/components/clip/transcript-surface.tsx:108	
setEchec	setFailure	2	src/components/clip/champs-textes.tsx:149	
setEnLecture	setInPlayback	1	src/components/clip/clip-player.tsx:121	
setFigé	setFrozen	1	src/components/tri/fil.tsx:526	
setForce	setForced	1	src/components/publication/publish-dialog.tsx:103	
setOuvert	setOpen	1	src/components/tri/relance.tsx:183	
setPile	setStack	1	src/components/tri/fil.tsx:104	
setRang	setRank	1	src/components/clip/transcript-surface.tsx:114	
setRecherche	setSearch	1	src/components/clip/ecran-clip.tsx:81	
setRéglage	setSetting	1	src/server/db.ts:693	
setRequête	setRequest	1	src/components/clip/transcript-surface.tsx:113	
setSecondes	setSeconds	1	src/components/tri/avancement.tsx:333	
setSignatureRendue	setSignatureRendered	1	src/components/clip/panneau-export.tsx:98	
setStatuts	setStatuses	1	tests/components/tri/fil.test.tsx:106	
setSuivi	setTracked	1	src/components/clip/transcript-surface.tsx:111	
setTextesEnEchec	setTextsInFailure	1	src/components/clip/ecran-clip.tsx:90	
setValeur	setValue	1	src/components/clip/champs-textes.tsx:148	
setVue	setView	1	tests/components/tri/fil.test.tsx:78	
seuil	threshold	5	scripts/mesure-ratios.ts:311	
SEUIL_SCÈNE	THRESHOLD_SCENE	1	src/server/steps/analysis.ts:409	
shots	framedShots	1	src/core/framing.ts:1194	déjà anglais avant le balayage — déplacé par collision avec plans→shots à la ligne 1137, jamais candidat à une traduction
SIGMA_DU_FOND	BACKGROUND_SIGMA	1	src/core/ffmpeg/args.ts:392	
signaler	flag	1	src/components/clip/champs-textes.tsx:146	
signalerEchecTexte	flagFailureText	1	src/components/clip/ecran-clip.tsx:91	
signalerLeBilan	flagSummary	2	src/server/run.ts:871	
signalerRef	flagRef	1	src/components/clip/champs-textes.tsx:163	
signatureRendue	signatureRendered	1	src/components/clip/panneau-export.tsx:98	
simultanéMax	concurrentMax	1	tests/server/vignettes-sources.test.ts:540	
singulier	singular	2	src/components/sources/textes.ts:99	
sobre	sober	1	tests/core/transcript.test.ts:366	
sondage	probed	1	scripts/dev-ingest.ts:88	
Sondage	Probe	1	src/server/ffprobe.ts:14	
sondageProxy	probeProxy	1	src/server/steps/analysis.ts:461	
sondageSource	probeSource	1	src/server/steps/analysis.ts:486	
sonde	probe	6	src/server/ffmpeg.ts:181	
SONDE_MUETTE	PROBE_MUTE	1	tests/server/vignettes-sources.test.ts:68	
sondeNvenc	nvencProbed	1	src/server/ffmpeg.ts:192	
sonder	probe	2	src/server/vignettes-sources.ts:217	
sonderNvenc	probeNvenc	1	src/server/ffmpeg.ts:206	
sondes	probes	2	src/server/run.ts:223	
sortie	output	15	scripts/mesure-ratios.ts:1045	
SortieClip	OutputClip	1	src/server/rendus.ts:34	
SortieFfprobe	OutputFfprobe	1	src/server/ffprobe.ts:32	
sortieNommée	outputNamed	1	src/server/rendus.ts:196	
SortieRendu	OutputRender	1	src/server/steps/render.ts:58	
sorties	outputs	3	src/server/rendus.ts:62	
Sorties	Outputs	1	src/server/rendus.ts:41	
sortiesDuClip	clipOutputs	1	src/server/rendus.ts:165	
soumises	submitted	1	src/core/gemini/parse.ts:114	
SourceInvalideError	SourceInvalidError	1	src/server/vignettes-sources.ts:76	
sourcesAnalyse	sourcesAnalysis	1	tests/server/run.test.ts:48	
sousGarde	underGuard	1	src/server/vignettes-sources.ts:301	
sousTitres	underTitles	2	src/server/steps/render.ts:541	
sousTitresDuClip	clipUnderTitles	1	src/server/steps/render.ts:1897	
spectateur	spectator	1	tests/core/framing.test.ts:780	
statAvecDélai	statWithDelay	1	src/server/steps/ingest.ts:111	
statut	status	14	scripts/dev-run.ts:62	
Statut	Status	1	src/server/run.ts:375	
statutPour	statusFor	1	src/server/http.ts:52	
statuts	statuses	3	tests/components/tri/fil.test.tsx:106	
STATUTS	STATUSES	1	src/server/db.ts:748	
stockage	storage	1	src/components/tri/session.ts:83	
stocké	stored	1	tests/server/db.test.ts:370	
stopper	stop	1	tests/server/api.test.ts:1336	
suite	next	9	src/components/tri/fil.tsx:69	
Suite	Next	1	src/lib/parcours.ts:110	
suivant	next	10	src/app/api/clips/[id]/route.ts:137	
suivante	next	2	src/components/clip/apercu-sortie.tsx:169	
suivants	next	1	src/components/tri/ecran-projet.tsx:306	
suivi	tracked	3	src/components/clip/transcript-surface.tsx:111	
suiviRef	trackedRef	1	src/components/clip/transcript-surface.tsx:190	
suivre	track	1	tests/server/ingest.test.ts:464	
sujet	subject	1	src/core/pipeline.ts:55	
surcharge	override	7	tests/core/ffmpeg-args.test.ts:494	
surcharges	overrides	9	tests/fixtures/framing.ts:12	
surClavier	onKeyboard	2	src/components/clip/crop-picker.tsx:155	
surDéfilement	onScroll	1	src/components/tri/fil.tsx:612	
surDix	onTen	1	tests/core/framing.test.ts:866	
surEchec	onFailure	1	tests/lib/enregistrement-auto.test.tsx:96	
surlignage	highlight	1	src/core/captions/ass.ts:247	
surMasquage	onMasking	1	src/components/clip/champs-textes.tsx:243	
surRejet	onRejection	1	tests/components/settings/settings-screen.test.tsx:173	
surSucces	onSuccess	1	tests/lib/enregistrement-auto.test.tsx:96	
surTemps	onTime	1	src/components/clip/clip-player.tsx:128	
surTouche	onKey	2	src/components/clip/raccourcis.tsx:112	
survivant	surviving	1	tests/server/ingest.test.ts:365	
symétrique	symmetric	1	tests/core/framing.test.ts:524	
tabulable	tabbable	2	src/components/tri/candidate-card.tsx:218	
tabulables	tabbable	1	tests/components/tri/fil.test.tsx:391	
taille	size	7	scripts/dev-commun.ts:68	
TAILLE_QUEUE_MAX	SIZE_QUEUE_MAX	1	src/server/ffmpeg.ts:169	
tailleDeLot	batchSize	1	src/server/steps/candidates.ts:1096	
tailleDuCanevas	canvasSize	1	src/components/clip/apercu-sortie.tsx:69	
TAILLES	SIZES	1	src/core/framing.ts:85	
tardif	late	1	tests/server/ingest.test.ts:206	
tardive	late	2	tests/core/framing.test.ts:687	
tCopie	tCopy	1	scripts/dev-ingest.ts:33	
temoin	witness	1	tests/server/ffmpeg.test.ts:433	
témoin	witness	1	tests/server/ffmpeg.test.ts:269	
temporaire	temporary	10	src/server/ffmpeg.ts:520	
TEMPORAIRE	TEMPORARY	1	src/server/run.ts:325	
TEMPORISATION_MS	DEBOUNCE_MS	1	src/lib/enregistrement.ts:36	
tempsAss	timeAss	1	src/core/captions/ass.ts:157	
tenante	holding	1	src/core/framing.ts:1264	
tentative	attempt	2	src/lib/enregistrement.ts:308	
tentatives	attempts	1	tests/server/vignettes-sources.test.ts:621	
TENTATIVES	ATTEMPTS	1	src/server/steps/candidates.ts:137	
tenue	held	2	tests/server/ingest.test.ts:333	
terminée	finished	1	src/server/run.ts:78	
terminerSelection	finishSelection	2	src/store/editor.ts:91	
tete	head	3	src/store/editor.ts:44	
texte	text	27	src/components/clip/panneau-export.tsx:579	
texteActuel	textCurrent	1	src/server/steps/render.ts:1289	
texteDe	textOf	1	tests/core/captions.test.ts:17	
texteDePublication	publicationText	2	src/components/clip/textes.ts:45	
texteDuServeur	serverText	1	tests/components/clip/textes.test.ts:22	
textesEnEchec	textsInFailure	1	src/components/clip/ecran-clip.tsx:90	
titre	title	19	src/components/clip/champs-textes.tsx:54	
titreEnBase	titleInBase	1	tests/server/api.test.ts:968	
titreProjet	titleProject	1	src/core/pipeline.ts:35	
TOLÉRANCE_DÉROGATION_MS	TOLERANCE_EXCEPTION_MS	1	src/core/framing.ts:1079	
TOLÉRANCE_PAR_DÉFAUT	TOLERANCE_BY_DEFAULT	1	src/core/shots.ts:139	
TOLÉRANCE_PLAN	TOLERANCE_SHOT	1	src/server/steps/analysis.ts:127	
touche	key	9	src/components/clip/raccourcis.tsx:77	
tournait	wasRunning	1	src/lib/queries.ts:121	
tous	all	2	scripts/mesure-ratios.ts:565	
TOUS	ALL	1	tests/core/framing.test.ts:23	
tout	all	2	tests/core/parcours.test.ts:16	
toutes	all	1	tests/components/tri/avancement.test.tsx:23	
toutRefusé	allRejected	4	tests/server/candidates.test.ts:721	
traiteDéjàLaTouche	processAlreadyKey	1	src/components/tri/raccourcis.ts:76	
TranscriptCorrectionRefusal	TranscriptCorrectionRejection	1	src/server/steps/transcript.ts:488	
transcriptDuProjet	projectTranscript	1	src/server/vues.ts:123	
transmis	forwarded	2	src/server/steps/analysis.ts:355	
TRANSMISES	FORWARDED	2	src/server/steps/analysis.ts:324	
travail	work	7	src/core/parcours.ts:56	
Travail	Work	1	src/core/parcours.ts:50	
travailProjet	workProject	1	src/core/parcours.ts:127	
traversée	traversal	2	tests/core/framing.test.ts:414	
triées	sorted	6	scripts/mesure-premier-plan.ts:79	
triéesParNom	sortedByName	1	src/server/steps/render.ts:522	
trois	three	2	tests/core/shot-split.test.ts:103	
troisHeures	threeHours	1	tests/core/transcript.test.ts:403	
tronque	truncated	1	tests/core/transcript.test.ts:94	
tronquée	truncated	1	tests/server/candidates.test.ts:94	
trou	gap	1	tests/server/analysis.test.ts:154	
trouvé	found	5	src/components/clip/lecture.ts:44	
trouvées	found	3	src/server/erreurs.ts:22	
trouvés	found	2	src/components/clip/recherche.ts:54	
tué	killed	1	tests/server/secrets.test.ts:193	
un1x1	a1X1	1	tests/core/framing.test.ts:313	
une	a	4	tests/components/tri/modele.test.ts:170	
uniques	unique	1	src/server/steps/candidates.ts:1569	
unLotRefusé	aBatchRejected	1	tests/server/candidates.test.ts:704	
urlAttendue	urlExpected	1	tests/server/api.test.ts:153	
urlSiProduit	urlIfProduced	1	src/server/rendus.ts:88	
useCandidats	useCandidates	1	src/lib/queries.ts:133	
useCreerProjet	useCreateProject	1	src/lib/queries.ts:446	
useEditeur	useEditor	1	src/store/editor.ts:105	
useEnregistrementAuto	useAutosave	1	src/lib/enregistrement.ts:198	
useLecture	usePlayback	1	src/components/clip/lecture.ts:85	
usePeutAnnuler	useCanCancel	1	src/store/editor.ts:249	
usePeutRetablir	useCanRestore	1	src/store/editor.ts:253	
useProjet	useProject	1	src/lib/queries.ts:91	
useProjets	useProjects	1	src/lib/queries.ts:71	
useRaccourcis	useShortcuts	1	src/components/clip/raccourcis.tsx:100	
useRaccourcisTri	useShortcutsReview	1	src/components/tri/raccourcis.ts:131	
useRelancer	useRetry	1	src/lib/queries.ts:487	
useSessionDeTri	useReviewSession	1	src/components/tri/fil.tsx:566	
useTempsSuivi	useTimeTracked	1	src/components/tri/avancement.tsx:332	
useTexteDifféré	useTextDeferred	1	src/components/clip/champs-textes.tsx:143	
useVueDansUrl	useViewInUrl	1	src/components/tri/ecran-projet.tsx:299	
useVueFigée	useViewFrozen	1	src/components/tri/fil.tsx:520	
utilisateur	user	30	tests/components/tri/fil.test.tsx:128	
valeur	value	45	src/components/clip/champs-textes.tsx:148	
valeurAdmise	valueAdmitted	1	src/server/db.ts:755	
valeurDe	value	1	scripts/vignettes-cadrage.ts:259	
valeurs	values	14	scripts/mesure-premier-plan.ts:77	
valeursDeDrapeaux	flagsValues	1	scripts/vignettes-premier-plan.ts:238	
valeurServeur	valueServer	1	src/components/clip/champs-textes.tsx:144	
valide	valid	1	src/core/pipeline.ts:48	
variante	variant	1	src/server/steps/render.ts:1528	
varianteAprès	variantAfter	1	src/app/api/clips/[id]/route.ts:221	
VARIANTES	VARIANTS	1	scripts/mesure-premier-plan.ts:58	
vérifierClipId	verifyClipId	1	src/server/steps/render.ts:138	
vérifierId	verifyId	1	src/server/paths.ts:113	
vérifierIdClip	verifyIdClip	1	src/server/thumbs.ts:33	
vérifierNomDeSource	sourceVerifyName	1	src/server/vignettes-sources.ts:99	
vérifierPropriété	verifyProperty	1	src/server/db.ts:836	
vérifierTailleCopiée	verifySizeCopied	1	src/server/steps/ingest.ts:645	
vers	toward	1	src/components/tri/fil.tsx:195	
VERSION_EMPREINTE	VERSION_FINGERPRINT	1	src/server/steps/render.ts:245	
versLeCalcul	towardComputation	1	tests/server/contrat.test.ts:83	
versLeClient	towardClient	2	tests/server/contrat.test.ts:49	
versLeServeur	towardServer	1	tests/server/contrat.test.ts:50	
vide	empty	5	tests/server/analysis.test.ts:78	
Vide	Empty	1	src/components/tri/fil.tsx:497	
VIDE	EMPTY	2	src/components/clip/lecture.ts:78	
vidéo	video	2	src/server/sources.ts:323	
VideoÀTrames	VideoToFrames	1	src/components/clip/apercu-sortie.tsx:247	
videoEncodeArgs	videoEncodedArgs	1	src/core/ffmpeg/encoder.ts:58	
vidéos	videos	2	src/server/sources.ts:77	
vider	clear	3	src/components/clip/champs-textes.tsx:111	
viderSelection	clearSelection	2	src/store/editor.ts:92	
vieille	old	2	tests/server/ingest.test.ts:247	
vierge	blank	1	tests/server/db.test.ts:78	
vieux	old	4	tests/server/db.test.ts:707	
VINGT_MINUTES	TWENTY_MINUTES	1	tests/core/parcours.test.ts:251	
virtualiseur	virtualizer	1	src/components/clip/transcript-surface.tsx:88	
visibles	visible	1	src/components/tri/fil.tsx:98	
volerait	wouldSteal	1	src/components/clip/raccourcis.tsx:77	
voulu	desired	5	src/core/transcript.ts:460	
vraiStat	trueStat	1	tests/server/run.test.ts:419	
vue	view	18	src/components/tri/ecran-projet.tsx:45	
Vue	View	1	src/components/tri/modele.ts:36	
vueDepuisUrl	viewSinceUrl	1	src/components/tri/modele.ts:56	
vueInitiale	viewInitial	2	tests/components/tri/fil.test.tsx:68	
vues	views	3	src/core/gemini/parse.ts:115	
VUES	VIEWS	1	src/components/tri/modele.ts:38	
vus	seen	9	scripts/mesure-ratios.ts:1054	
WINDOWS_NU	WINDOWS_BARE	1	src/core/erreurs.ts:51	
withPose	withPosed	1	tests/core/framing.test.ts:1314	
ZoneDeTextes	TextsZone	1	src/components/clip/panneau-export.tsx:509	
